<Ticker>,<DTYYYMMDD>,<Open>,High,<Low>,<close>,<Volume>
FB,20180504,173.080002,176.979996,173.059998,176.610001,17677800
FB,20180503,175.130005,176.119995,172.119995,174.020004,24026100
FB,20180502,174.25,178.080002,174.199997,176.070007,30424500
FB,20180501,172.0,174.020004,170.229996,173.860001,26025900
FB,20180430,173.78999299999998,175.720001,171.71000700000002,172.0,20750500
FB,20180427,176.809998,177.100006,172.600006,173.58999599999999,29804700
FB,20180426,173.220001,176.270004,170.800003,174.16000400000001,77556900
FB,20180425,160.139999,161.059998,156.190002,159.690002,41083600
FB,20180424,165.429993,166.100006,158.190002,159.690002,35079900
FB,20180423,167.270004,168.449997,165.08999599999999,165.83999599999999,23088100
FB,20180420,167.78999299999998,168.429993,165.809998,166.279999,19119400
FB,20180419,166.199997,168.330002,165.199997,168.100006,22235000
FB,20180418,166.880005,168.119995,165.770004,166.360001,20969600
FB,20180417,165.830002,169.0,165.66000400000001,168.66000400000001,22743000
FB,20180416,165.720001,165.779999,163.389999,164.830002,18119400
FB,20180413,164.580002,165.699997,163.770004,164.520004,19990600
FB,20180412,166.979996,167.449997,163.100006,163.869995,38263000
FB,20180411,165.360001,168.649994,163.25,166.320007,56144600
FB,20180410,157.929993,165.979996,157.009995,165.03999299999998,57889300
FB,20180409,157.820007,160.529999,156.03999299999998,157.929993,34915200
FB,20180406,157.729996,161.419998,156.809998,157.199997,41644800
FB,20180405,161.559998,161.570007,156.649994,159.33999599999999,41449600
FB,20180404,152.029999,155.559998,150.509995,155.100006,49885600
FB,20180403,156.550003,157.389999,150.809998,156.110001,42543900
FB,20180402,157.809998,159.199997,154.110001,155.389999,36796000
FB,20180329,155.149994,161.419998,154.139999,159.78999299999998,59434300
FB,20180328,151.649994,155.880005,150.800003,153.029999,60029200
FB,20180327,156.309998,162.850006,150.75,152.220001,79117000
FB,20180326,160.820007,161.100006,149.020004,160.059998,126116600
FB,20180323,165.440002,166.600006,159.020004,159.389999,53609700
FB,20180322,166.130005,170.270004,163.720001,164.889999,73743000
FB,20180321,164.800003,173.399994,163.300003,169.389999,106598800
FB,20180320,167.470001,170.199997,161.949997,168.149994,129851800
FB,20180319,177.009995,177.169998,170.059998,172.559998,88140100
FB,20180316,184.490005,185.330002,183.41000400000001,185.08999599999999,24403400
FB,20180315,183.240005,184.0,182.190002,183.860001,15614300
FB,20180314,182.600006,184.25,181.850006,184.190002,16821700
FB,20180313,185.610001,185.990005,181.110001,181.880005,18067500
FB,20180312,185.229996,186.100006,184.220001,184.759995,15301200
FB,20180309,183.91000400000001,185.509995,183.21000700000002,185.229996,18526300
FB,20180308,183.559998,184.399994,181.449997,182.33999599999999,17225900
FB,20180307,178.740005,183.820007,178.070007,183.71000700000002,19097300
FB,20180306,181.779999,182.380005,179.110001,179.779999,15086800
FB,20180305,176.199997,181.149994,175.889999,180.399994,16189300
FB,20180302,173.28999299999998,177.110001,172.990005,176.619995,20025900
FB,20180301,179.009995,180.119995,174.41000400000001,175.940002,23201600
FB,20180228,182.300003,182.880005,178.139999,178.320007,18783000
FB,20180227,184.449997,184.699997,181.46000700000002,181.46000700000002,15849800
FB,20180226,184.580002,185.66000400000001,183.220001,184.929993,17599700
FB,20180223,179.899994,183.389999,179.509995,183.28999299999998,19007300
FB,20180222,178.699997,180.21000700000002,177.41000400000001,178.990005,18464200
FB,20180221,176.71000700000002,181.270004,176.399994,177.91000400000001,23200800
FB,20180220,175.770004,177.949997,175.110001,176.009995,21204900
FB,20180216,178.990005,179.880005,176.300003,177.360001,21015600
FB,20180215,180.5,180.5,176.83999599999999,179.96000700000002,20922100
FB,20180214,173.449997,179.809998,173.21000700000002,179.520004,28929700
FB,20180213,175.619995,175.970001,173.100006,173.149994,21809400
FB,20180212,177.059998,177.550003,171.83999599999999,176.41000400000001,32092100
FB,20180209,174.759995,176.899994,167.179993,176.110001,39887600
FB,20180208,181.009995,181.83999599999999,171.479996,171.580002,38478300
FB,20180207,184.149994,185.080002,179.949997,180.179993,27601900
FB,20180206,178.570007,185.770004,177.740005,185.309998,37758500
FB,20180205,186.929993,190.610001,180.610001,181.259995,33128200
FB,20180202,192.03999299999998,194.21000700000002,189.979996,190.279999,26677500
FB,20180201,188.220001,195.320007,187.889999,193.08999599999999,54211300
FB,20180131,188.369995,189.830002,185.220001,186.889999,43275100
FB,20180130,187.619995,188.179993,181.83999599999999,187.119995,20858600
FB,20180129,188.75,188.83999599999999,185.630005,185.979996,20453200
FB,20180126,187.75,190.0,186.809998,190.0,17759200
FB,20180125,187.949997,188.619995,186.600006,187.479996,17377700
FB,20180124,189.889999,190.66000400000001,186.520004,186.550003,24334500
FB,20180123,186.050003,189.550003,185.550003,189.350006,25678800
FB,20180122,180.800003,185.389999,180.41000400000001,185.369995,21059500
FB,20180119,180.850006,182.369995,180.169998,181.28999299999998,26826500
FB,20180118,178.130005,180.979996,177.080002,179.800003,23304900
FB,20180117,179.259995,179.320007,175.800003,177.600006,27992400
FB,20180116,181.5,181.75,178.03999299999998,178.389999,36183800
FB,20180112,178.059998,181.479996,177.399994,179.369995,77551300
FB,20180111,188.399994,188.399994,187.380005,187.770004,9588600
FB,20180110,186.940002,187.889999,185.630005,187.83999599999999,10529900
FB,20180109,188.699997,188.800003,187.100006,187.869995,12393100
FB,20180108,187.199997,188.899994,186.330002,188.279999,17994700
FB,20180105,185.58999599999999,186.899994,184.929993,186.850006,13574500
FB,20180104,184.899994,186.21000700000002,184.100006,184.330002,13880900
FB,20180103,181.880005,184.779999,181.330002,184.669998,16886600
FB,20180102,177.679993,181.580002,177.550003,181.419998,18151900
FB,20171229,178.0,178.850006,176.46000700000002,176.46000700000002,10261500
FB,20171228,177.949997,178.940002,177.679993,177.919998,12220800
FB,20171227,176.550003,178.440002,176.259995,177.619995,9496100
FB,20171226,176.630005,177.0,174.669998,175.990005,8897300
FB,20171222,177.139999,177.529999,176.229996,177.199997,8509500
FB,20171221,177.940002,178.679993,177.050003,177.449997,11600700
FB,20171220,179.809998,179.809998,177.360001,177.889999,11860500
FB,20171219,179.949997,180.080002,178.220001,179.509995,14920600
FB,20171218,181.009995,181.300003,179.75,180.820007,17265400
FB,20171215,179.020004,180.490005,178.360001,180.179993,28463100
FB,20171214,178.28999299999998,180.360001,177.679993,178.389999,13591000
FB,20171213,177.300003,179.16000400000001,177.25,178.300003,14615700
FB,20171212,178.600006,179.179993,176.600006,176.96000700000002,16854100
FB,20171211,179.300003,180.220001,178.800003,179.03999299999998,13168600
FB,20171208,181.529999,182.279999,178.740005,179.0,19883800
FB,20171207,175.800003,180.389999,175.800003,180.139999,20404500
FB,20171206,172.5,176.770004,171.899994,176.059998,20255800
FB,20171205,170.449997,175.380005,169.009995,172.830002,20184900
FB,20171204,176.28999299999998,176.570007,170.78999299999998,171.470001,24459400
FB,20171201,176.029999,177.479996,172.33999599999999,175.100006,20182500
FB,20171130,176.850006,178.279999,175.199997,177.179993,25307600
FB,20171129,181.889999,181.970001,174.0,175.130005,41933500
FB,20171128,183.509995,184.25,182.08999599999999,182.419998,14379700
FB,20171127,182.559998,183.729996,181.990005,183.029999,12344500
FB,20171124,180.399994,183.149994,180.28999299999998,182.779999,9426300
FB,20171122,181.300003,181.729996,180.440002,180.869995,10376300
FB,20171121,179.149994,181.889999,178.990005,181.860001,14504000
FB,20171120,178.869995,179.5,178.100006,178.740005,10052400
FB,20171117,179.300003,179.979996,178.899994,179.0,13018000
FB,20171116,178.759995,179.830002,178.5,179.58999599999999,15607600
FB,20171115,176.66000400000001,178.570007,176.399994,177.949997,10253700
FB,20171114,178.130005,178.970001,177.179993,178.070007,9585900
FB,20171113,177.5,179.03999299999998,177.300003,178.770004,9523400
FB,20171110,178.350006,179.100006,177.96000700000002,178.46000700000002,11070200
FB,20171109,178.309998,179.399994,177.08999599999999,179.300003,12610300
FB,20171108,179.78999299999998,180.350006,179.110001,179.559998,10494100
FB,20171107,180.5,180.75,178.96000700000002,180.25,12928200
FB,20171106,178.559998,180.449997,178.309998,180.169998,13312700
FB,20171103,179.28999299999998,179.860001,176.71000700000002,178.919998,17822100
FB,20171102,180.630005,181.940002,177.33999599999999,178.919998,35529900
FB,20171101,182.360001,182.899994,180.570007,182.66000400000001,40918300
FB,20171031,180.570007,180.800003,178.940002,180.059998,20174200
FB,20171030,179.259995,180.690002,177.610001,179.869995,24353200
FB,20171027,174.149994,178.21000700000002,173.899994,177.880005,30285300
FB,20171026,171.380005,172.28999299999998,170.389999,170.630005,11833100
FB,20171025,171.899994,172.25,168.889999,170.600006,15868200
FB,20171024,172.300003,173.240005,171.5,171.800003,12267900
FB,20171023,175.199997,175.33999599999999,171.25,171.270004,13852700
FB,20171020,175.5,175.880005,174.630005,174.979996,12602200
FB,20171019,174.929993,176.029999,172.630005,174.559998,14048400
FB,20171018,176.649994,176.740005,175.75,176.029999,12752400
FB,20171017,174.71000700000002,176.130005,174.360001,176.110001,15990100
FB,20171016,174.490005,175.0,174.059998,174.520004,11498800
FB,20171013,173.449997,174.649994,173.199997,173.740005,13658300
FB,20171012,172.610001,173.850006,172.28999299999998,172.550003,10351000
FB,20171011,171.949997,172.779999,171.399994,172.740005,11283700
FB,20171010,173.0,173.199997,170.800003,171.58999599999999,11341100
FB,20171009,172.699997,174.880005,172.0,172.5,14570400
FB,20171006,170.25,172.369995,169.75,172.229996,13124500
FB,20171005,169.179993,171.309998,168.600006,171.240005,14580600
FB,20171004,169.830002,170.669998,168.28999299999998,168.419998,12127900
FB,20171003,169.300003,170.729996,169.199997,169.96000700000002,8190300
FB,20171002,171.389999,171.869995,168.75,169.470001,13392300
FB,20170929,168.830002,171.66000400000001,168.809998,170.869995,15340400
FB,20170928,167.940002,169.070007,167.16000400000001,168.729996,12178700
FB,20170927,165.899994,168.33999599999999,165.570007,167.679993,19242500
FB,20170926,164.5,165.5,162.779999,164.21000700000002,23363300
FB,20170925,169.240005,169.300003,161.559998,162.869995,41251600
FB,20170922,170.21000700000002,171.729996,169.220001,170.53999299999998,12097100
FB,20170921,171.690002,172.270004,170.009995,171.110001,11161400
FB,20170920,172.5,173.050003,170.699997,172.169998,12264100
FB,20170919,170.619995,172.559998,170.360001,172.520004,13168600
FB,20170918,171.990005,172.070007,169.33999599999999,170.009995,12954000
FB,20170915,170.880005,172.33999599999999,170.259995,171.639999,15660500
FB,20170914,172.259995,172.279999,170.5,170.96000700000002,15615700
FB,20170913,173.009995,173.169998,172.059998,173.050003,9119300
FB,20170912,173.759995,174.0,171.75,172.96000700000002,11186300
FB,20170911,172.399994,173.889999,172.199997,173.509995,12372000
FB,20170908,173.08999599999999,173.490005,170.800003,170.949997,10998500
FB,20170907,171.940002,173.309998,170.270004,173.21000700000002,18049500
FB,20170906,170.91000400000001,172.479996,169.570007,172.08999599999999,13906300
FB,20170905,171.270004,172.389999,169.550003,170.720001,13210900
FB,20170901,172.399994,172.919998,171.309998,172.020004,11677600
FB,20170831,170.399994,172.149994,170.059998,171.970001,17226500
FB,20170830,168.169998,170.179993,167.630005,169.919998,11138300
FB,20170829,165.25,168.429993,165.0,168.050003,11121000
FB,20170828,166.91000400000001,167.699997,166.330002,167.240005,8553700
FB,20170825,167.860001,168.380005,166.179993,166.320007,12614500
FB,20170824,168.880005,169.28999299999998,166.41000400000001,167.740005,14030400
FB,20170823,168.83999599999999,169.360001,168.199997,168.71000700000002,9856500
FB,20170822,168.279999,169.869995,167.149994,169.639999,11391000
FB,20170821,167.16000400000001,168.0,165.820007,167.779999,11907500
FB,20170818,166.83999599999999,168.669998,166.21000700000002,167.41000400000001,15093600
FB,20170817,169.33999599999999,169.860001,166.850006,166.91000400000001,17216000
FB,20170816,171.25,171.380005,169.240005,170.0,15779900
FB,20170815,171.490005,171.5,170.009995,171.0,8729200
FB,20170814,170.08999599999999,171.080002,169.28999299999998,170.75,12954200
FB,20170811,167.949997,168.820007,166.850006,168.080002,13791200
FB,20170810,170.059998,170.58999599999999,166.850006,167.399994,20832700
FB,20170809,169.979996,171.449997,169.559998,171.179993,10815000
FB,20170808,171.880005,173.050003,170.619995,171.229996,14393500
FB,20170807,169.949997,172.059998,169.66000400000001,171.979996,12787800
FB,20170804,168.970001,170.059998,168.690002,169.619995,10777700
FB,20170803,169.300003,169.699997,168.25,168.58999599999999,10793800
FB,20170802,170.300003,170.550003,166.91000400000001,169.300003,17433800
FB,20170801,169.820007,170.470001,169.050003,169.860001,14385000
FB,20170731,172.0,172.720001,168.550003,169.25,25478900
FB,20170728,169.070007,173.429993,169.050003,172.449997,24557600
FB,20170727,174.699997,175.490005,167.5,170.440002,68910700
FB,20170726,166.009995,166.009995,164.100006,165.610001,35236900
FB,20170725,165.009995,165.53999299999998,163.860001,165.279999,15383200
FB,20170724,164.639999,166.169998,164.309998,166.0,17367000
FB,20170721,164.16000400000001,165.050003,163.75,164.429993,14744000
FB,20170720,164.800003,165.0,162.809998,164.529999,18523100
FB,20170719,163.58999599999999,165.699997,163.169998,164.139999,26273600
FB,20170718,159.66000400000001,163.729996,159.419998,162.860001,23722900
FB,20170717,160.25,160.779999,158.809998,159.729996,12858800
FB,20170714,160.130005,160.320007,159.330002,159.970001,16371200
FB,20170713,158.740005,159.779999,158.419998,159.259995,13929200
FB,20170712,156.490005,159.16000400000001,156.199997,158.899994,22739400
FB,20170711,153.369995,155.419998,152.91000400000001,155.270004,13667700
FB,20170710,151.690002,153.979996,151.509995,153.5,13378700
FB,20170707,149.25,151.990005,149.190002,151.440002,13615900
FB,20170706,149.029999,150.03999299999998,148.0,148.820007,14951800
FB,20170705,149.0,150.850006,148.130005,150.33999599999999,14334300
FB,20170703,151.720001,152.149994,147.800003,148.429993,13862700
FB,20170630,151.899994,151.919998,150.059998,150.979996,17666000
FB,20170629,152.279999,152.5,148.919998,151.03999299999998,23973500
FB,20170628,150.919998,153.470001,149.860001,153.240005,16719100
FB,20170627,152.83999599999999,153.309998,150.389999,150.580002,19360800
FB,20170626,156.25,156.5,153.199997,153.58999599999999,18049700
FB,20170623,152.720001,155.199997,152.649994,155.070007,18027000
FB,20170622,153.009995,154.550003,152.91000400000001,153.399994,13005500
FB,20170621,152.360001,154.080002,151.880005,153.91000400000001,15039800
FB,20170620,152.880005,153.83999599999999,152.21000700000002,152.25,14743900
FB,20170619,151.71000700000002,153.570007,151.71000700000002,152.869995,19026500
FB,20170616,149.58999599999999,150.830002,148.600006,150.639999,22882400
FB,20170615,147.669998,150.03999299999998,146.369995,149.800003,18994200
FB,20170614,151.259995,152.399994,149.050003,150.25,20808800
FB,20170613,150.149994,151.179993,148.899994,150.679993,20483400
FB,20170612,148.169998,149.199997,144.559998,148.440002,33170200
FB,20170609,154.770004,155.58999599999999,146.610001,149.600006,35577700
FB,20170608,154.080002,154.729996,153.100006,154.71000700000002,17719700
FB,20170607,153.270004,153.75,152.33999599999999,153.119995,12066700
FB,20170606,153.41000400000001,154.520004,152.479996,152.809998,13457100
FB,20170605,153.639999,154.71000700000002,153.41000400000001,153.630005,12520400
FB,20170602,151.850006,153.630005,151.300003,153.610001,16854400
FB,20170601,151.75,152.28999299999998,150.300003,151.529999,14530600
FB,20170531,152.699997,153.350006,151.08999599999999,151.46000700000002,18023900
FB,20170530,151.970001,152.899994,151.639999,152.380005,13226000
FB,20170526,152.229996,152.25,151.149994,152.130005,14996200
FB,20170525,150.300003,152.58999599999999,149.949997,151.96000700000002,19891400
FB,20170524,148.509995,150.229996,148.419998,150.03999299999998,17862400
FB,20170523,148.520004,148.809998,147.25,148.070007,12817800
FB,20170522,148.080002,148.58999599999999,147.690002,148.240005,12586700
FB,20170519,148.449997,149.389999,147.96000700000002,148.059998,16187900
FB,20170518,144.720001,148.149994,144.509995,147.66000400000001,23031600
FB,20170517,148.0,148.669998,144.419998,144.850006,28300100
FB,20170516,150.110001,150.21000700000002,149.029999,149.779999,14550800
FB,20170515,150.169998,151.479996,149.770004,150.190002,15064700
FB,20170512,150.399994,150.46000700000002,149.630005,150.330002,9598200
FB,20170511,150.309998,150.649994,149.41000400000001,150.03999299999998,11841900
FB,20170510,150.229996,150.520004,148.860001,150.28999299999998,12080700
FB,20170509,151.490005,152.58999599999999,150.21000700000002,150.479996,17453900
FB,20170508,150.71000700000002,151.080002,149.740005,151.059998,15827500
FB,20170505,151.449997,151.630005,149.78999299999998,150.240005,17148500
FB,20170504,150.169998,151.520004,148.720001,150.850006,36225500
FB,20170503,153.600006,153.600006,151.33999599999999,151.800003,29782500
FB,20170502,153.33999599999999,153.440002,151.66000400000001,152.779999,21870400
FB,20170501,151.740005,152.570007,151.419998,152.46000700000002,25218300
FB,20170428,149.5,151.529999,149.070007,150.25,30568000
FB,20170427,146.669998,147.75,146.139999,147.699997,11275100
FB,20170426,147.08999599999999,147.58999599999999,146.08999599999999,146.559998,12395000
FB,20170425,145.78999299999998,147.149994,145.78999299999998,146.490005,17767500
FB,20170424,144.96000700000002,145.669998,144.33999599999999,145.470001,14407200
FB,20170421,143.899994,144.169998,142.270004,143.679993,12382000
FB,20170420,142.949997,144.25,142.690002,143.800003,15968200
FB,20170419,141.350006,143.03999299999998,141.270004,142.270004,15563900
FB,20170418,141.270004,141.91000400000001,140.610001,140.96000700000002,14807500
FB,20170417,139.759995,141.550003,139.75,141.419998,11519700
FB,20170413,139.619995,140.580002,139.330002,139.389999,10965600
FB,20170412,139.720001,140.399994,139.440002,139.580002,11612500
FB,20170411,140.800003,141.029999,138.809998,139.919998,16638100
FB,20170410,141.0,141.429993,140.630005,141.03999299999998,9039400
FB,20170407,141.199997,141.550003,140.240005,140.779999,11818300
FB,20170406,142.110001,142.220001,140.91000400000001,141.169998,15103400
FB,20170405,142.259995,143.440002,141.28999299999998,141.850006,17158100
FB,20170404,141.860001,142.08999599999999,141.270004,141.729996,12948600
FB,20170403,141.929993,142.470001,140.820007,142.279999,13564000
FB,20170331,142.309998,142.630005,141.889999,142.050003,11478300
FB,20170330,142.399994,142.949997,141.850006,142.41000400000001,12404000
FB,20170329,141.990005,142.860001,141.429993,142.649994,16527600
FB,20170328,140.360001,141.949997,140.009995,141.759995,14679400
FB,20170327,139.050003,140.649994,138.770004,140.320007,12800500
FB,20170324,140.080002,141.020004,139.759995,140.33999599999999,16664700
FB,20170323,139.479996,140.389999,139.08999599999999,139.529999,13022800
FB,20170322,137.929993,139.78999299999998,137.600006,139.58999599999999,17055400
FB,20170321,141.149994,142.309998,138.399994,138.509995,29894800
FB,20170320,139.71000700000002,140.190002,139.25,139.940002,12099500
FB,20170317,140.33999599999999,140.33999599999999,139.699997,139.83999599999999,20592800
FB,20170316,140.199997,140.25,139.729996,139.990005,13612900
FB,20170315,139.28999299999998,140.100006,138.490005,139.720001,19344800
FB,20170314,139.46000700000002,139.46000700000002,138.520004,139.320007,12944000
FB,20170313,138.71000700000002,139.679993,138.669998,139.600006,10955500
FB,20170310,138.91000400000001,139.490005,138.220001,138.78999299999998,16314100
FB,20170309,137.720001,138.570007,137.399994,138.240005,15535300
FB,20170308,137.149994,137.990005,137.050003,137.720001,10184500
FB,20170307,137.029999,138.369995,136.990005,137.300003,13527100
FB,20170306,136.880005,137.830002,136.509995,137.419998,12748200
FB,20170303,136.630005,137.330002,136.080002,137.169998,11160600
FB,20170302,137.08999599999999,137.820007,136.309998,136.759995,12294800
FB,20170301,136.470001,137.479996,136.300003,137.419998,16257000
FB,20170228,136.78999299999998,136.809998,134.75,135.53999299999998,16112100
FB,20170227,135.259995,137.179993,135.020004,136.41000400000001,14306700
FB,20170224,134.16000400000001,135.619995,134.16000400000001,135.440002,12625700
FB,20170223,135.889999,136.119995,134.330002,135.360001,18422500
FB,20170222,133.600006,136.78999299999998,133.46000700000002,136.119995,27360100
FB,20170221,133.5,133.91000400000001,132.899994,133.720001,14759100
FB,20170217,133.5,134.08999599999999,133.169998,133.529999,12276500
FB,20170216,133.070007,133.869995,133.020004,133.83999599999999,12831100
FB,20170215,133.449997,133.699997,132.66000400000001,133.440002,13226500
FB,20170214,134.100006,134.229996,132.550003,133.850006,14340100
FB,20170213,134.699997,134.699997,133.699997,134.050003,13526200
FB,20170210,134.100006,134.940002,133.679993,134.190002,15061900
FB,20170209,134.490005,134.5,133.309998,134.139999,16470600
FB,20170208,132.600006,134.440002,132.440002,134.199997,22390600
FB,20170207,132.240005,133.0,131.66000400000001,131.83999599999999,14596400
FB,20170206,130.979996,132.059998,130.300003,132.059998,17058500
FB,20170203,131.240005,132.850006,130.759995,130.979996,24804900
FB,20170202,133.220001,135.490005,130.399994,130.83999599999999,54366400
FB,20170201,132.25,133.490005,130.679993,133.229996,50139800
FB,20170131,130.169998,130.66000400000001,129.520004,130.320007,19790500
FB,20170130,131.580002,131.580002,129.600006,130.979996,18956100
FB,20170127,132.679993,132.949997,131.080002,132.179993,19539500
FB,20170126,131.630005,133.139999,131.440002,132.779999,20020100
FB,20170125,130.0,131.740005,129.770004,131.479996,18731300
FB,20170124,129.380005,129.899994,128.380005,129.369995,15162700
FB,20170123,127.309998,129.25,126.949997,128.929993,16593600
FB,20170120,128.100006,128.479996,126.779999,127.040001,19097200
FB,20170119,128.229996,128.350006,127.449997,127.550003,12195500
FB,20170118,128.41000400000001,128.429993,126.839996,127.91999799999999,13145900
FB,20170117,128.03999299999998,128.33999599999999,127.400002,127.870003,15228000
FB,20170113,127.489998,129.270004,127.370003,128.33999599999999,24884300
FB,20170112,125.610001,126.730003,124.800003,126.620003,18653900
FB,20170111,124.349998,126.120003,124.059998,126.089996,18356500
FB,20170110,124.82,125.5,124.279999,124.349998,17324600
FB,20170109,123.550003,125.43,123.040001,124.900002,22861600
FB,20170106,120.980003,123.879997,120.029999,123.410004,28545300
FB,20170105,118.860001,120.949997,118.32,120.66999799999999,19492200
FB,20170104,117.550003,119.660004,117.290001,118.690002,19630900
FB,20170103,116.029999,117.839996,115.510002,116.860001,20663900
FB,20161230,116.599998,116.83000200000001,114.769997,115.050003,18684100
FB,20161229,117.0,117.529999,116.059998,116.349998,9921400
FB,20161228,118.190002,118.25,116.650002,116.91999799999999,12087400
FB,20161227,116.959999,118.68,116.860001,118.010002,12051500
FB,20161223,117.0,117.559998,116.300003,117.269997,10877300
FB,20161222,118.860001,118.989998,116.93,117.400002,16258600
FB,20161221,118.91999799999999,119.199997,118.480003,119.040001,10767600
FB,20161220,119.5,119.769997,118.800003,119.089996,13684400
FB,20161219,119.849998,120.360001,118.510002,119.239998,15918100
FB,20161216,120.900002,121.5,119.269997,119.870003,25174600
FB,20161215,120.08000200000001,122.5,119.629997,120.57,20139600
FB,20161214,120.0,121.690002,118.849998,120.209999,25913100
FB,20161213,117.860001,121.519997,117.610001,120.309998,29768000
FB,20161212,119.220001,119.239998,117.650002,117.769997,17805500
FB,20161209,119.220001,119.940002,118.949997,119.68,17464700
FB,20161208,117.980003,119.5,117.639999,118.910004,22442800
FB,20161207,117.0,117.949997,116.57,117.949997,21913700
FB,20161206,117.690002,117.800003,116.33000200000001,117.309998,19131200
FB,20161205,115.949997,117.57,115.07,117.43,20201500
FB,20161202,115.110001,116.480003,114.300003,115.400002,25070400
FB,20161201,118.379997,118.449997,114.0,115.099998,43277000
FB,20161130,120.32,121.790001,117.949997,118.41999799999999,30188900
FB,20161129,120.57,122.099998,120.400002,120.870003,18891000
FB,20161128,120.120003,121.690002,119.82,120.410004,18101300
FB,20161125,121.010002,121.139999,120.07,120.379997,8658600
FB,20161123,121.230003,121.309998,119.940002,120.839996,15592400
FB,20161122,122.400002,122.980003,120.900002,121.470001,26089200
FB,20161121,118.199997,121.949997,117.800003,121.769997,35415400
FB,20161118,118.389999,119.129997,116.839996,117.019997,22879300
FB,20161117,116.809998,117.790001,116.010002,117.790001,18597800
FB,20161116,114.480003,117.879997,114.209999,116.339996,32345400
FB,20161115,116.730003,118.489998,115.83000200000001,117.199997,34681400
FB,20161114,119.129997,119.129997,113.550003,115.08000200000001,51247400
FB,20161111,119.529999,120.699997,118.150002,119.019997,32840100
FB,20161110,123.93,124.18,115.269997,120.800003,67846700
FB,20161109,121.5,123.809998,120.510002,123.18,31916000
FB,20161108,122.029999,124.610001,121.540001,124.220001,19367800
FB,20161107,122.83000200000001,123.209999,121.349998,122.150002,23008900
FB,20161104,119.589996,121.93,119.25,120.75,30545500
FB,20161103,122.0,123.279999,119.5,120.0,63766300
FB,20161102,130.229996,130.229996,126.279999,127.16999799999999,39640900
FB,20161101,131.41000400000001,131.940002,128.649994,129.5,22077800
FB,20161031,132.009995,132.119995,130.880005,130.990005,15669000
FB,20161028,130.5,132.970001,129.929993,131.28999299999998,24545500
FB,20161027,131.740005,131.800003,129.270004,129.690002,16741400
FB,20161026,131.639999,132.259995,130.940002,131.03999299999998,13084700
FB,20161025,133.5,133.5,132.220001,132.28999299999998,13336800
FB,20161024,132.720001,133.41000400000001,132.149994,133.279999,17470200
FB,20161021,129.779999,132.130005,129.699997,132.070007,19088800
FB,20161020,130.070007,130.66000400000001,129.5,130.0,13167500
FB,20161019,128.740005,130.470001,128.600006,130.110001,16752300
FB,20161018,128.679993,129.389999,128.009995,128.570007,13457200
FB,20161017,128.199997,128.470001,127.32,127.540001,11351700
FB,20161014,128.490005,128.949997,127.58000200000001,127.879997,13345300
FB,20161013,128.21000700000002,128.25,126.75,127.82,17139300
FB,20161012,129.009995,129.66000400000001,128.46000700000002,129.050003,11073000
FB,20161011,130.229996,130.639999,128.229996,128.880005,17537900
FB,20161010,129.679993,130.699997,129.199997,130.240005,15101400
FB,20161007,129.03999299999998,129.25,128.330002,128.990005,12804400
FB,20161006,128.429993,129.059998,128.080002,128.740005,11682700
FB,20161005,128.25,128.800003,127.83000200000001,128.470001,12386800
FB,20161004,129.169998,129.279999,127.550003,128.190002,14307500
FB,20161003,128.380005,129.08999599999999,127.800003,128.770004,13156900
FB,20160930,128.029999,128.58999599999999,127.449997,128.270004,18402900
FB,20160929,129.179993,129.28999299999998,127.550003,128.08999599999999,14532200
FB,20160928,129.21000700000002,129.470001,128.399994,129.229996,12047600
FB,20160927,127.610001,129.009995,127.43,128.690002,15637100
FB,20160926,127.370003,128.16000400000001,126.800003,127.309998,15064900
FB,20160923,127.559998,128.600006,127.300003,127.959999,28326300
FB,20160922,130.5,130.729996,129.559998,130.080002,15538300
FB,20160921,129.130005,130.009995,128.389999,129.940002,14068300
FB,20160920,128.649994,129.169998,128.029999,128.639999,11083800
FB,20160919,129.91000400000001,129.940002,128.259995,128.649994,14919800
FB,20160916,128.199997,129.179993,128.199997,129.070007,24119200
FB,20160915,127.980003,129.100006,127.66999799999999,128.350006,15077200
FB,20160914,126.889999,128.800003,126.889999,127.769997,15691100
FB,20160913,128.029999,128.350006,126.660004,127.209999,18016200
FB,20160912,125.959999,128.759995,125.75,128.690002,21252800
FB,20160909,129.71000700000002,129.949997,127.099998,127.099998,27100700
FB,20160908,130.919998,131.080002,129.809998,130.270004,15553200
FB,20160907,130.03999299999998,131.979996,129.949997,131.050003,27990800
FB,20160906,126.66999799999999,129.940002,126.470001,129.729996,26278400
FB,20160902,126.849998,126.860001,126.0,126.510002,12118800
FB,20160901,126.379997,126.629997,125.599998,126.16999799999999,13536100
FB,20160831,125.599998,126.220001,125.099998,126.120003,14200600
FB,20160830,126.599998,126.599998,125.150002,125.839996,17804300
FB,20160829,124.349998,126.730003,124.349998,126.540001,15815600
FB,20160826,124.050003,125.190002,123.910004,124.959999,17504800
FB,20160825,123.120003,124.370003,123.099998,123.889999,10730800
FB,20160824,124.470001,124.690002,123.089996,123.480003,12243700
FB,20160823,124.510002,125.089996,124.25,124.370003,13309500
FB,20160822,123.33000200000001,124.83000200000001,123.110001,124.150002,14386400
FB,20160819,123.599998,124.160004,123.279999,123.559998,11688300
FB,20160818,124.010002,124.260002,123.639999,123.910004,12400800
FB,20160817,123.660004,124.379997,122.849998,124.370003,13794200
FB,20160816,123.5,123.91999799999999,122.779999,123.300003,14222400
FB,20160815,124.910004,124.91999799999999,123.699997,123.900002,19295100
FB,20160812,124.699997,125.0,124.18,124.879997,12159000
FB,20160811,125.199997,125.379997,124.75,124.900002,11657500
FB,20160810,125.07,125.480003,124.540001,124.879997,10670100
FB,20160809,125.339996,126.089996,124.529999,125.059998,19621000
FB,20160808,125.25,125.449997,124.550003,125.260002,15233900
FB,20160805,124.980003,125.839996,124.620003,125.150002,20184000
FB,20160804,122.940002,124.790001,122.510002,124.360001,21038000
FB,20160803,123.089996,123.91999799999999,122.309998,122.510002,18525300
FB,20160802,124.059998,124.800003,122.07,123.089996,23968400
FB,20160801,123.849998,124.58000200000001,122.860001,124.309998,25006900
FB,20160729,124.650002,125.839996,123.709999,123.940002,35058800
FB,20160728,127.519997,128.330002,123.629997,125.0,78955800
FB,20160727,122.41999799999999,125.0,121.510002,123.339996,46673900
FB,20160726,122.0,122.07,120.75,121.220001,17612000
FB,20160725,121.389999,121.849998,117.779999,121.629997,18487400
FB,20160722,119.900002,121.010002,119.309998,121.0,18422400
FB,20160721,121.91999799999999,122.099998,120.25,120.610001,17801700
FB,20160720,121.25,122.199997,120.559998,121.91999799999999,20046500
FB,20160719,118.989998,120.849998,118.660004,120.610001,21541300
FB,20160718,117.32,119.610001,116.889999,119.370003,20868400
FB,20160715,117.739998,118.279999,116.58000200000001,116.860001,16646000
FB,20160714,117.5,117.639999,116.699997,117.290001,14579700
FB,20160713,118.389999,118.400002,116.68,116.779999,16207700
FB,20160712,118.629997,118.720001,117.57,117.93,15217700
FB,20160711,117.709999,118.699997,117.5,117.870003,17711600
FB,20160708,116.43,117.5,115.849998,117.239998,18142600
FB,20160707,116.629997,116.970001,115.360001,115.849998,16600600
FB,20160706,113.360001,116.790001,112.970001,116.699997,24337600
FB,20160705,113.940002,114.199997,112.970001,114.199997,14207000
FB,20160701,114.199997,115.129997,113.809998,114.190002,14980000
FB,20160630,114.66999799999999,115.18,113.66999799999999,114.279999,23192700
FB,20160629,113.370003,114.25,113.040001,114.160004,20968300
FB,20160628,110.629997,112.75,110.550003,112.699997,26813800
FB,20160627,111.57,111.57,108.230003,108.970001,36130400
FB,20160624,111.010002,113.68,111.0,112.08000200000001,40643100
FB,20160623,114.370003,115.089996,113.540001,115.08000200000001,16176900
FB,20160622,114.650002,114.739998,113.610001,113.910004,14846300
FB,20160621,114.120003,115.209999,113.970001,114.379997,19166300
FB,20160620,113.769997,114.720001,112.75,113.370003,20785400
FB,20160617,114.41999799999999,114.43,112.559998,113.019997,24644300
FB,20160616,113.870003,114.5,112.940002,114.389999,19236300
FB,20160615,115.300003,115.440002,114.07,114.599998,19819400
FB,20160614,114.07,114.949997,113.58000200000001,114.940002,17618500
FB,20160613,115.0,115.480003,113.309998,113.949997,31718200
FB,20160610,117.540001,118.110001,116.260002,116.620003,18510800
FB,20160609,118.129997,118.68,117.709999,118.559998,13859200
FB,20160608,117.760002,118.599998,117.269997,118.389999,14505600
FB,20160607,119.239998,119.300003,117.66999799999999,117.760002,17103000
FB,20160606,118.620003,119.43,118.360001,118.790001,12744700
FB,20160603,118.980003,118.980003,117.860001,118.470001,14135100
FB,20160602,118.690002,119.440002,118.220001,118.93,13189900
FB,20160601,118.5,119.08000200000001,117.82,118.779999,15029500
FB,20160531,119.459999,120.099998,118.120003,118.809998,23547600
FB,20160527,119.559998,119.849998,119.010002,119.379997,13493600
FB,20160526,118.239998,119.760002,117.91999799999999,119.470001,18191500
FB,20160525,118.129997,118.66999799999999,117.379997,117.889999,20019800
FB,20160524,116.239998,117.730003,116.120003,117.699997,20183600
FB,20160523,117.41999799999999,117.599998,115.940002,115.970001,20367400
FB,20160520,116.959999,117.989998,116.949997,117.349998,18944800
FB,20160519,117.050003,117.489998,115.879997,116.809998,20544100
FB,20160518,116.800003,118.269997,116.730003,117.650002,21642300
FB,20160517,118.82,119.010002,117.199997,117.349998,21328600
FB,20160516,119.379997,119.610001,117.349998,118.66999799999999,31247800
FB,20160513,120.379997,120.639999,119.68,119.809998,18124300
FB,20160512,119.980003,120.839996,118.900002,120.279999,22035500
FB,20160511,120.410004,121.08000200000001,119.41999799999999,119.519997,22038400
FB,20160510,119.620003,120.5,119.0,120.5,22803700
FB,20160509,119.540001,120.279999,118.900002,119.239998,21138100
FB,20160506,117.160004,119.639999,117.110001,119.489998,26395600
FB,20160505,118.040001,118.980003,117.25,117.809998,22056700
FB,20160504,116.610001,118.300003,116.57,118.059998,23380200
FB,20160503,117.519997,118.160004,117.019997,117.43,24117500
FB,20160502,117.83000200000001,118.730003,116.57,118.57,28095200
FB,20160429,116.82,117.839996,115.839996,117.58000200000001,37140600
FB,20160428,119.58000200000001,120.790001,116.230003,116.730003,87110100
FB,20160427,107.940002,108.940002,106.309998,108.889999,52213100
FB,20160426,110.489998,110.5,108.150002,108.760002,22521500
FB,20160425,109.870003,110.66999799999999,109.07,110.099998,21017900
FB,20160422,111.209999,111.75,109.010002,110.559998,38458200
FB,20160421,112.550003,114.040001,112.309998,113.440002,20875200
FB,20160420,112.43,113.269997,111.559998,112.41999799999999,21027900
FB,20160419,111.099998,112.449997,109.160004,112.290001,30210500
FB,20160418,109.739998,110.809998,109.199997,110.449997,21092700
FB,20160415,110.790001,110.970001,109.199997,109.639999,20922800
FB,20160414,110.620003,112.040001,110.260002,110.839996,28430900
FB,20160413,112.230003,112.650002,106.519997,110.510002,88227400
FB,20160412,109.339996,111.160004,108.989998,110.610001,26175900
FB,20160411,110.699997,110.910004,108.769997,108.989998,39762300
FB,20160408,114.25,114.33000200000001,109.900002,110.629997,48497800
FB,20160407,113.790001,114.889999,113.07,113.639999,20714500
FB,20160406,112.470001,113.809998,112.41999799999999,113.709999,20522400
FB,20160405,112.110001,113.32,111.900002,112.220001,22962400
FB,20160404,114.07,114.550003,111.610001,112.550003,48487900
FB,20160401,113.75,116.16999799999999,113.349998,116.059998,24760500
FB,20160331,114.699997,115.010002,113.769997,114.099998,21207500
FB,20160330,116.730003,116.989998,114.360001,114.699997,33235200
FB,20160329,113.83000200000001,116.32,113.639999,116.139999,29765800
FB,20160328,113.32,114.589996,112.949997,113.690002,21351800
FB,20160324,112.129997,113.089996,111.68,113.050003,17839100
FB,20160323,112.010002,113.190002,112.0,112.540001,18562000
FB,20160322,111.360001,112.879997,111.16999799999999,112.25,19001100
FB,20160321,111.660004,112.370003,111.029999,111.849998,18448000
FB,20160318,111.559998,112.41999799999999,110.269997,111.449997,36256900
FB,20160317,112.150002,112.690002,110.730003,111.019997,24241200
FB,20160316,110.489998,112.5,110.099998,112.18,24744800
FB,20160315,109.110001,110.83000200000001,108.839996,110.66999799999999,17618500
FB,20160314,109.279999,110.33000200000001,108.769997,109.889999,17249400
FB,20160311,108.480003,109.41999799999999,107.91999799999999,109.410004,20697600
FB,20160310,107.910004,108.660004,105.769997,107.32,24780700
FB,20160309,106.699997,107.510002,105.489998,107.510002,20493300
FB,20160308,104.779999,107.370003,104.400002,105.93,25617000
FB,20160307,108.07,108.07,104.720001,105.730003,31436400
FB,20160304,110.050003,110.050003,107.93,108.389999,24938900
FB,20160303,110.25,110.300003,108.540001,109.58000200000001,21333500
FB,20160302,109.68,110.550003,108.769997,109.949997,25670200
FB,20160301,107.83000200000001,109.82,107.599998,109.82,26817300
FB,20160229,107.599998,108.910004,106.75,106.91999799999999,32779000
FB,20160226,108.699997,109.449997,107.160004,107.91999799999999,26686200
FB,20160225,107.110001,108.07,105.610001,108.07,29796200
FB,20160224,104.209999,106.949997,102.739998,106.879997,34412400
FB,20160223,106.849998,107.470001,105.120003,105.459999,25319300
FB,20160222,105.489998,108.25,105.339996,107.160004,35709700
FB,20160219,102.550003,105.019997,102.059998,104.57,32404500
FB,20160218,105.800003,106.0,103.029999,103.470001,29593500
FB,20160217,102.019997,105.720001,100.400002,105.199997,44073400
FB,20160216,103.800003,103.93,100.239998,101.610001,45687200
FB,20160212,103.739998,104.239998,101.089996,102.010002,36176800
FB,20160211,99.599998,105.110001,98.879997,101.910004,43670600
FB,20160210,101.550003,103.25,100.239998,101.0,45179400
FB,20160209,97.139999,102.400002,96.82,99.540001,62580100
FB,20160208,100.410004,102.68,97.459999,99.75,71229700
FB,20160205,109.510002,109.58000200000001,103.18,104.07,76894700
FB,20160204,111.800003,111.940002,109.25,110.489998,38648500
FB,20160203,115.269997,115.339996,109.75,112.690002,56919300
FB,20160202,114.800003,117.589996,113.199997,114.610001,59778600
FB,20160201,112.269997,115.720001,112.010002,115.089996,46132700
FB,20160129,108.989998,112.839996,108.839996,112.209999,62739500
FB,20160128,107.199997,110.339996,104.809998,109.110001,107475300
FB,20160127,97.790001,97.849998,94.230003,94.449997,58699400
FB,20160126,97.760002,97.879997,95.660004,97.339996,26637400
FB,20160125,98.720001,99.480003,96.93,97.010002,32482000
FB,20160122,96.410004,98.07,95.489998,97.940002,30495400
FB,20160121,94.910004,95.989998,92.620003,94.160004,30518900
FB,20160120,92.83000200000001,95.0,89.370003,94.349998,59051400
FB,20160119,96.529999,97.41999799999999,93.91999799999999,95.260002,30998300
FB,20160115,93.980003,96.379997,93.540001,94.970001,46132800
FB,20160114,95.849998,98.870003,92.449997,98.370003,48658600
FB,20160113,100.58000200000001,100.58000200000001,95.209999,95.440002,33410600
FB,20160112,99.0,99.959999,97.550003,99.370003,28395400
FB,20160111,97.910004,98.599998,95.389999,97.510002,29873100
FB,20160108,99.879997,100.5,97.029999,97.33000200000001,35402300
FB,20160107,100.5,101.43,97.300003,97.91999799999999,45172900
FB,20160106,101.129997,103.769997,100.900002,102.970001,25096200
FB,20160105,102.889999,103.709999,101.66999799999999,102.730003,23258200
FB,20160104,101.949997,102.239998,99.75,102.220001,37912400
FB,20151231,106.0,106.16999799999999,104.620003,104.660004,18391100
FB,20151230,107.0,107.25,106.059998,106.220001,13115000
FB,20151229,106.41999799999999,107.739998,106.25,107.260002,17179900
FB,20151228,105.019997,105.980003,104.529999,105.93,13031200
FB,20151224,104.739998,105.32,104.5,105.019997,6512100
FB,20151223,105.889999,106.110001,103.860001,104.629997,19599700
FB,20151222,105.220001,105.660004,104.809998,105.510002,14420600
FB,20151221,104.910004,105.150002,103.599998,104.769997,16138800
FB,20151218,106.08000200000001,106.589996,103.970001,104.040001,35994200
FB,20151217,107.489998,107.75,106.129997,106.220001,21675700
FB,20151216,105.370003,107.089996,104.190002,106.790001,22680500
FB,20151215,105.300003,105.800003,104.279999,104.550003,21764300
FB,20151214,102.290001,104.739998,101.459999,104.660004,24648100
FB,20151211,104.150002,104.339996,101.910004,102.120003,26427700
FB,20151210,105.050003,106.400002,104.410004,105.41999799999999,17414500
FB,20151209,106.18,106.440002,103.550003,104.599998,23517300
FB,20151208,104.0,106.910004,103.949997,106.489998,20401800
FB,20151207,106.480003,106.83000200000001,104.660004,105.610001,15474900
FB,20151204,104.809998,107.730003,104.110001,106.18,21224700
FB,20151203,106.269997,106.849998,103.349998,104.379997,23236500
FB,20151202,107.0,107.91999799999999,105.790001,106.07,24429100
FB,20151201,104.83000200000001,107.150002,104.5,107.120003,22781900
FB,20151130,105.839996,106.099998,103.75,104.239998,20383200
FB,20151127,105.779999,105.959999,104.860001,105.449997,5913100
FB,20151125,106.33000200000001,106.599998,105.099998,105.410004,15150800
FB,20151124,106.0,106.489998,104.389999,105.739998,23577300
FB,20151123,107.190002,107.470001,106.08000200000001,106.949997,19897200
FB,20151120,106.839996,107.870003,106.620003,107.32,22129600
FB,20151119,107.360001,107.730003,105.949997,106.260002,25520600
FB,20151118,105.800003,107.879997,105.389999,107.769997,23836500
FB,20151117,104.620003,106.199997,104.139999,105.129997,26807200
FB,20151116,103.32,104.16999799999999,100.470001,104.040001,49309200
FB,20151113,107.709999,108.25,103.83000200000001,103.949997,30278400
FB,20151112,108.480003,109.389999,108.0,108.019997,20924700
FB,20151111,108.269997,109.870003,107.110001,109.010002,25057100
FB,20151110,105.959999,108.150002,105.239998,107.910004,25031700
FB,20151109,107.0,108.25,105.860001,106.489998,26383500
FB,20151106,108.040001,108.739998,105.910004,107.099998,35084300
FB,20151105,108.800003,110.650002,107.949997,108.760002,63232900
FB,20151104,103.190002,104.139999,102.480003,103.940002,38606400
FB,20151103,103.220001,103.650002,102.400002,102.58000200000001,21242300
FB,20151102,101.720001,103.470001,101.18,103.309998,24003900
FB,20151030,104.510002,104.720001,101.650002,101.970001,33487100
FB,20151029,103.959999,105.120003,103.519997,104.879997,20099900
FB,20151028,103.900002,104.480003,102.91999799999999,104.199997,24081500
FB,20151027,102.940002,104.099998,102.400002,103.699997,23795500
FB,20151026,102.199997,103.809998,101.550003,103.769997,25961200
FB,20151023,101.910004,102.849998,100.160004,102.190002,42809700
FB,20151022,97.790001,99.730003,97.550003,99.66999799999999,26392100
FB,20151021,97.370003,98.18,96.470001,97.110001,21917800
FB,20151020,98.730003,99.589996,96.559998,97.0,30700500
FB,20151019,97.18,98.57,96.91999799999999,98.470001,23729900
FB,20151016,96.18,97.589996,95.349998,97.540001,25412900
FB,20151015,94.989998,96.300003,94.900002,95.959999,27557500
FB,20151014,94.08000200000001,95.199997,93.610001,94.07,19253400
FB,20151013,93.660004,95.370003,93.550003,94.120003,19480300
FB,20151012,93.32,94.599998,92.66999799999999,94.260002,18449600
FB,20151009,92.900002,93.739998,92.239998,93.239998,20012900
FB,20151008,91.889999,93.220001,90.470001,92.470001,27290500
FB,20151007,93.110001,93.660004,91.370003,92.400002,24129300
FB,20151006,94.08000200000001,94.16999799999999,92.339996,92.800003,22172800
FB,20151005,92.940002,94.269997,92.660004,94.010002,27292500
FB,20151002,88.900002,92.199997,88.370003,92.07,37881700
FB,20151001,90.050003,90.949997,88.360001,90.949997,29283700
FB,20150930,88.440002,90.019997,88.010002,89.900002,36030300
FB,20150929,89.099998,90.059998,85.720001,86.66999799999999,42281800
FB,20150928,92.08000200000001,92.290001,88.18,89.209999,41199900
FB,20150925,95.790001,95.849998,92.059998,92.769997,28961600
FB,20150924,93.059998,94.769997,92.239998,94.410004,29106000
FB,20150923,93.400002,94.32,92.800003,93.970001,21701400
FB,20150922,93.769997,94.68,91.91999799999999,92.959999,36888900
FB,20150921,94.620003,96.489998,94.519997,95.550003,28790000
FB,20150918,93.199997,95.190002,93.050003,94.400002,61898700
FB,20150917,93.370003,95.510002,92.900002,94.339996,27841800
FB,20150916,92.900002,93.599998,92.629997,93.449997,16321200
FB,20150915,92.370003,93.25,91.790001,92.900002,18638300
FB,20150914,92.309998,92.620003,91.599998,92.309998,20127900
FB,20150911,91.68,92.08000200000001,91.129997,92.050003,21185000
FB,20150910,90.07,92.059998,89.629997,91.980003,26437400
FB,20150909,90.779999,91.980003,90.16999799999999,90.440002,32439000
FB,20150908,89.690002,90.239998,88.83000200000001,89.529999,27012500
FB,20150904,87.199997,88.389999,86.699997,88.260002,27328700
FB,20150903,89.760002,89.82,87.730003,88.150002,27048200
FB,20150902,88.809998,89.889999,87.629997,89.889999,27190500
FB,20150901,86.849998,89.389999,86.5,87.230003,36097400
FB,20150831,90.599998,91.050003,88.889999,89.43,32006700
FB,20150828,89.879997,91.480003,89.790001,91.010002,33215900
FB,20150827,89.099998,90.059998,87.190002,89.730003,42431400
FB,20150826,85.949997,87.459999,83.260002,87.190002,45124300
FB,20150825,86.949997,87.66999799999999,83.0,83.0,52021200
FB,20150824,77.029999,82.089996,72.0,82.089996,83710700
FB,20150821,87.519997,89.18,85.610001,86.059998,62778700
FB,20150820,93.540001,94.769997,90.459999,90.559998,44598200
FB,20150819,94.629997,96.099998,94.160004,95.309998,23251300
FB,20150818,94.08000200000001,95.849998,94.040001,95.16999799999999,22278800
FB,20150817,94.41999799999999,94.459999,93.389999,93.93,18313500
FB,20150814,93.540001,94.720001,93.209999,94.41999799999999,15878500
FB,20150813,94.050003,94.730003,93.349998,93.43,17451800
FB,20150812,92.699997,94.440002,91.190002,94.190002,27050500
FB,20150811,93.730003,94.760002,92.900002,93.620003,21372900
FB,20150810,95.68,95.900002,93.629997,94.150002,21624200
FB,20150807,95.379997,95.400002,93.610001,94.300003,23199100
FB,20150806,97.18,98.739998,94.41999799999999,95.120003,42271300
FB,20150805,95.25,97.089996,95.18,96.440002,29813200
FB,20150804,93.790001,94.730003,93.33000200000001,94.059998,20136000
FB,20150803,93.529999,95.08000200000001,92.800003,94.139999,29343100
FB,20150731,94.949997,96.33000200000001,93.949997,94.010002,46509000
FB,20150730,94.910004,95.809998,91.800003,95.209999,86211300
FB,20150729,96.32,97.279999,94.739998,96.989998,64648300
FB,20150728,94.839996,95.559998,93.309998,95.290001,35236000
FB,20150727,96.58000200000001,96.610001,93.83000200000001,94.16999799999999,38585400
FB,20150724,97.349998,97.760002,95.879997,96.949997,33444900
FB,20150723,96.959999,97.449997,94.809998,95.440002,29418800
FB,20150722,96.739998,97.58000200000001,95.91999799999999,97.040001,28299500
FB,20150721,98.949997,99.239998,97.139999,98.389999,39453300
FB,20150720,95.849998,98.599998,95.360001,97.910004,54860500
FB,20150717,92.550003,95.389999,92.540001,94.970001,54001600
FB,20150716,90.279999,90.860001,89.769997,90.849998,21804100
FB,20150715,90.0,90.989998,89.41999799999999,89.760002,30886600
FB,20150714,90.459999,90.800003,89.650002,89.68,26627800
FB,20150713,88.660004,90.220001,88.41999799999999,90.099998,29976700
FB,20150710,87.349998,88.220001,86.769997,87.949997,23245900
FB,20150709,86.730003,87.599998,85.650002,85.879997,23307400
FB,20150708,86.290001,86.75,85.449997,85.650002,24399300
FB,20150707,87.800003,87.849998,85.230003,87.220001,33059900
FB,20150706,86.489998,88.190002,86.389999,87.550003,24635900
FB,20150702,87.400002,87.440002,86.339996,87.290001,16908800
FB,20150701,86.769997,87.949997,86.489998,86.910004,25260000
FB,20150630,86.599998,86.699997,85.57,85.769997,23233200
FB,20150629,86.610001,87.5,85.730003,85.800003,35957900
FB,20150626,88.120003,88.339996,86.83000200000001,88.010002,38214600
FB,20150625,89.260002,89.400002,87.839996,87.980003,27302000
FB,20150624,87.660004,89.25,87.449997,88.860001,41370200
FB,20150623,84.959999,87.970001,84.760002,87.879997,50667900
FB,20150622,83.410004,84.970001,83.309998,84.739998,29383100
FB,20150619,82.83000200000001,82.980003,82.120003,82.510002,23353200
FB,20150618,81.639999,83.190002,81.57,82.910004,26782600
FB,20150617,81.760002,82.220001,81.339996,81.790001,18350300
FB,20150616,80.82,81.510002,80.449997,81.059998,13693700
FB,20150615,80.550003,80.93,80.07,80.709999,18805100
FB,20150612,81.370003,82.089996,81.199997,81.529999,11417900
FB,20150611,82.309998,82.900002,81.360001,81.83000200000001,18656800
FB,20150610,80.83000200000001,82.599998,80.809998,82.160004,21531200
FB,20150609,80.599998,81.190002,79.32,80.66999799999999,16497500
FB,20150608,81.82,82.0,80.129997,80.66999799999999,16871600
FB,20150605,81.870003,82.459999,81.510002,82.139999,16143100
FB,20150604,82.139999,82.949997,81.510002,82.050003,20863900
FB,20150603,81.349998,82.529999,81.25,82.440002,31775000
FB,20150602,79.760002,81.349998,79.559998,80.440002,18893700
FB,20150601,79.300003,80.379997,78.660004,80.290001,18119000
FB,20150529,79.949997,80.07,78.879997,79.190002,16083900
FB,20150528,80.25,81.07,80.0,80.150002,11982000
FB,20150527,79.599998,80.660004,79.43,80.550003,14160900
FB,20150526,80.43,80.599998,79.08000200000001,79.33000200000001,16321300
FB,20150522,80.349998,81.309998,80.25,80.540001,19567900
FB,20150521,80.190002,80.91999799999999,80.08000200000001,80.480003,13402700
FB,20150520,80.470001,81.099998,79.459999,80.550003,23056900
FB,20150519,81.25,81.690002,80.550003,80.629997,17955400
FB,20150518,80.33000200000001,81.379997,80.230003,80.879997,21077200
FB,20150515,81.410004,81.519997,80.18,80.41999799999999,27069900
FB,20150514,78.940002,81.849998,78.66999799999999,81.370003,49438000
FB,20150513,77.720001,78.529999,77.650002,78.440002,21512300
FB,20150512,77.870003,77.889999,76.790001,77.459999,21285300
FB,20150511,78.480003,79.029999,77.93,78.010002,18874100
FB,20150508,79.099998,79.230003,78.029999,78.510002,19943600
FB,20150507,78.0,78.940002,77.559998,78.43,19749400
FB,20150506,77.970001,78.809998,77.050003,78.099998,28663000
FB,20150505,78.550003,78.800003,77.220001,77.559998,22311300
FB,20150504,79.33000200000001,79.690002,78.629997,78.809998,14692000
FB,20150501,79.239998,79.760002,78.110001,78.989998,24136400
FB,20150430,80.010002,80.959999,78.32,78.769997,28999000
FB,20150429,80.010002,81.389999,79.519997,80.470001,26430300
FB,20150428,81.83000200000001,81.900002,80.230003,80.68,23775300
FB,20150427,81.870003,82.93,81.629997,81.910004,25446000
FB,20150424,82.769997,82.940002,81.480003,81.529999,29660400
FB,20150423,84.099998,85.589996,82.410004,82.410004,73728100
FB,20150422,84.32,84.739998,83.650002,84.629997,45548000
FB,20150421,84.0,84.489998,83.540001,83.620003,27171900
FB,20150420,81.540001,83.150002,81.239998,83.089996,28678000
FB,20150417,81.480003,82.110001,80.370003,80.779999,24076300
FB,20150416,82.470001,83.07,82.150002,82.309998,13769700
FB,20150415,83.550003,83.660004,82.269997,82.709999,22390900
FB,20150414,83.16999799999999,83.690002,82.440002,83.519997,19582600
FB,20150413,81.93,83.940002,81.91999799999999,83.010002,26883100
FB,20150410,82.209999,82.610001,81.910004,82.040001,12529700
FB,20150409,82.5,82.800003,81.709999,82.16999799999999,15927300
FB,20150408,82.629997,83.099998,81.839996,82.279999,18966700
FB,20150407,82.650002,83.41999799999999,82.220001,82.32,17467000
FB,20150406,80.800003,82.809998,80.800003,82.440002,19062900
FB,20150402,82.25,82.559998,81.440002,81.559998,19664100
FB,20150401,82.5,82.720001,80.870003,81.66999799999999,21984100
FB,20150331,82.900002,83.5,82.209999,82.220001,19734300
FB,20150330,83.809998,84.339996,82.410004,83.199997,24527700
FB,20150327,83.379997,83.949997,82.879997,83.300003,18283600
FB,20150326,82.720001,83.769997,82.139999,83.010002,32794800
FB,20150325,85.5,85.519997,82.91999799999999,82.91999799999999,37436100
FB,20150324,84.709999,86.07,84.519997,85.309998,32576500
FB,20150323,83.91999799999999,84.959999,83.300003,84.43,27035900
FB,20150320,83.389999,84.599998,83.07,83.800003,44466300
FB,20150319,81.120003,83.0,81.0,82.75,42099500
FB,20150318,79.25,81.239998,79.16999799999999,80.910004,36694200
FB,20150317,78.360001,79.779999,78.339996,79.360001,22019500
FB,20150316,77.959999,78.120003,77.360001,78.07,19305400
FB,20150313,78.599998,79.379997,77.68,78.050003,18557300
FB,20150312,78.099998,79.050003,77.910004,78.93,16093300
FB,20150311,77.800003,78.43,77.260002,77.57,20215700
FB,20150310,78.5,79.260002,77.550003,77.550003,22832300
FB,20150309,79.68,79.910004,78.629997,79.440002,18925100
FB,20150306,80.900002,81.33000200000001,79.83000200000001,80.010002,24488600
FB,20150305,81.230003,81.989998,81.050003,81.209999,27825700
FB,20150304,79.300003,81.150002,78.849998,80.900002,28014500
FB,20150303,79.610001,79.699997,78.519997,79.599998,18635000
FB,20150302,79.0,79.860001,78.519997,79.75,21662500
FB,20150227,80.68,81.230003,78.620003,78.970001,30739200
FB,20150226,79.879997,81.370003,79.720001,80.410004,31111900
FB,20150225,78.5,80.199997,78.5,79.559998,25593800
FB,20150224,78.5,79.480003,78.099998,78.449997,18865000
FB,20150223,79.959999,80.190002,78.379997,78.839996,24139100
FB,20150220,79.550003,80.339996,79.199997,79.900002,36931700
FB,20150219,76.989998,79.839996,76.949997,79.41999799999999,45851200
FB,20150218,75.940002,76.900002,75.449997,76.709999,22334600
FB,20150217,75.300003,76.910004,75.08000200000001,75.599998,25254400
FB,20150213,76.459999,76.480003,75.5,75.739998,18621900
FB,20150212,76.860001,76.870003,75.889999,76.230003,17235000
FB,20150211,75.089996,76.75,75.029999,76.510002,20877400
FB,20150210,74.849998,75.339996,74.5,75.190002,15811300
FB,20150209,74.050003,74.83000200000001,73.449997,74.440002,16194300
FB,20150206,75.68,75.699997,74.25,74.470001,20989300
FB,20150205,75.709999,75.980003,75.209999,75.610001,15062600
FB,20150204,75.089996,76.349998,75.010002,75.629997,20277400
FB,20150203,75.190002,75.58000200000001,73.860001,75.400002,26874900
FB,20150202,76.110001,76.139999,73.75,74.989998,41955300
FB,20150130,78.0,78.160004,75.75,75.910004,42649500
FB,20150129,76.849998,78.019997,74.209999,78.0,61293500
FB,20150128,76.900002,77.639999,76.0,76.239998,53306400
FB,20150127,76.709999,76.879997,75.629997,75.779999,20110000
FB,20150126,77.980003,78.470001,77.290001,77.5,19260800
FB,20150123,77.650002,78.190002,77.040001,77.83000200000001,16322600
FB,20150122,77.16999799999999,77.75,76.68,77.650002,19519500
FB,20150121,76.160004,77.300003,75.849998,76.739998,25096700
FB,20150120,75.720001,76.309998,74.82,76.239998,22751300
FB,20150116,74.040001,75.32,73.839996,75.18,21791500
FB,20150115,76.400002,76.57,73.540001,74.050003,34134000
FB,20150114,76.41999799999999,77.199997,76.029999,76.279999,25918600
FB,20150113,77.230003,78.08000200000001,75.849998,76.449997,25179600
FB,20150112,77.839996,78.0,76.209999,76.720001,19190200
FB,20150109,78.199997,78.620003,77.199997,77.739998,21138700
FB,20150108,76.739998,78.230003,76.08000200000001,78.18,23961000
FB,20150107,76.760002,77.360001,75.82,76.150002,22045300
FB,20150106,77.230003,77.589996,75.360001,76.150002,27399300
FB,20150105,77.980003,79.25,76.860001,77.190002,26452200
FB,20150102,78.58000200000001,78.93,77.699997,78.449997,18177500
FB,20141231,79.540001,79.800003,77.860001,78.019997,20040400
FB,20141230,79.849998,80.589996,79.099998,79.220001,14370800
FB,20141229,80.489998,80.959999,79.709999,80.019997,14134700
FB,20141226,81.019997,81.279999,80.510002,80.779999,10647400
FB,20141224,81.029999,81.43,80.75,80.769997,7685500
FB,20141223,82.019997,82.16999799999999,80.400002,80.610001,19865800
FB,20141222,80.08000200000001,81.889999,80.0,81.449997,31395800
FB,20141219,78.75,80.0,78.33000200000001,79.879997,43335000
FB,20141218,76.889999,78.400002,76.510002,78.400002,34222100
FB,20141217,75.010002,76.410004,74.900002,76.110001,29203900
FB,20141216,76.190002,77.389999,74.589996,74.690002,31554600
FB,20141215,78.459999,78.58000200000001,76.559998,76.989998,29396500
FB,20141212,77.160004,78.879997,77.019997,77.83000200000001,28091600
FB,20141211,76.519997,78.519997,76.480003,77.730003,33462100
FB,20141210,76.650002,77.550003,76.07,76.18,32210500
FB,20141209,75.199997,76.93,74.779999,76.839996,25358600
FB,20141208,76.18,77.25,75.400002,76.519997,25733900
FB,20141205,75.800003,76.760002,75.360001,76.360001,24306400
FB,20141204,74.83000200000001,75.550003,74.660004,75.239998,14362800
FB,20141203,75.379997,75.730003,74.400002,74.879997,16689900
FB,20141202,75.33000200000001,75.910004,75.040001,75.459999,16773900
FB,20141201,77.260002,77.309998,74.800003,75.099998,31789900
FB,20141128,77.66999799999999,78.269997,77.230003,77.699997,15992000
FB,20141126,75.529999,77.779999,75.510002,77.620003,32695300
FB,20141125,74.209999,75.739998,74.129997,75.629997,32250200
FB,20141124,73.540001,74.349998,73.349998,74.010002,22103800
FB,20141121,74.5,74.5,73.5,73.75,23060400
FB,20141120,72.800003,73.989998,72.510002,73.599998,19154900
FB,20141119,74.010002,74.540001,73.110001,73.33000200000001,25441200
FB,20141118,74.449997,74.800003,73.900002,74.339996,20690500
FB,20141117,74.879997,75.660004,73.879997,74.239998,28701200
FB,20141114,74.269997,74.93,74.040001,74.879997,19476900
FB,20141113,74.739998,75.239998,73.639999,74.25,26448500
FB,20141112,74.279999,75.139999,73.540001,74.720001,26536600
FB,20141111,74.949997,74.980003,74.029999,74.610001,18715700
FB,20141110,75.360001,75.480003,74.610001,75.0,21575100
FB,20141107,75.389999,75.860001,75.019997,75.599998,20774000
FB,20141106,74.889999,75.599998,74.309998,75.260002,21383000
FB,20141105,76.510002,76.800003,74.41999799999999,74.83000200000001,35913000
FB,20141104,74.230003,75.769997,73.650002,75.760002,39326000
FB,20141103,75.470001,75.519997,73.699997,73.879997,40727000
FB,20141031,74.93,75.699997,74.449997,74.989998,44544000
FB,20141030,75.050003,75.349998,72.900002,74.110001,83270000
FB,20141029,75.449997,76.879997,74.779999,75.860001,106120000
FB,20141028,80.18,81.160004,79.57,80.769997,74212000
FB,20141027,80.739998,80.800003,79.760002,80.279999,30169000
FB,20141024,80.199997,80.82,79.32,80.66999799999999,32248000
FB,20141023,79.379997,80.629997,79.010002,80.040001,35056000
FB,20141022,78.82,79.849998,78.010002,78.370003,41862000
FB,20141021,77.559998,78.739998,77.150002,78.690002,32252000
FB,20141020,75.599998,77.089996,75.379997,76.949997,34701000
FB,20141017,74.230003,76.0,73.75,75.949997,76342000
FB,20141016,70.790001,73.349998,70.58000200000001,72.629997,53529000
FB,20141015,71.690002,73.800003,70.32,73.209999,61528000
FB,20141014,74.0,74.18,72.050003,73.589996,50299000
FB,20141013,73.230003,74.779999,72.519997,72.989998,43938000
FB,20141010,75.589996,76.5,72.760002,72.910004,52146000
FB,20141009,77.279999,77.760002,75.849998,75.910004,32487000
FB,20141008,76.18,77.709999,75.099998,77.519997,32976000
FB,20141007,77.050003,77.949997,76.239998,76.290001,25317000
FB,20141006,77.190002,77.889999,76.849998,77.559998,25729000
FB,20141003,77.760002,78.059998,77.260002,77.440002,23340000
FB,20141002,76.57,77.480003,75.639999,77.08000200000001,36488000
FB,20141001,78.779999,78.82,75.900002,76.550003,55090000
FB,20140930,79.349998,79.709999,78.599998,79.040001,35899000
FB,20140929,78.120003,79.199997,77.910004,79.0,34031000
FB,20140926,77.589996,78.839996,77.33000200000001,78.790001,28872000
FB,20140925,78.599998,78.940002,77.129997,77.220001,37533000
FB,20140924,78.099998,78.620003,77.510002,78.540001,30680000
FB,20140923,76.33000200000001,78.629997,76.040001,78.290001,36814000
FB,20140922,77.0,77.529999,75.949997,76.800003,31961000
FB,20140919,77.400002,78.300003,76.440002,77.910004,76671000
FB,20140918,76.769997,77.33000200000001,76.519997,77.0,23031000
FB,20140917,75.959999,77.25,75.57,76.43,28693000
FB,20140916,73.519997,76.230003,73.07,76.08000200000001,37742000
FB,20140915,77.150002,77.25,73.43,74.58000200000001,49679000
FB,20140912,78.019997,78.300003,77.099998,77.480003,26676800
FB,20140911,77.129997,78.360001,77.050003,77.91999799999999,32219000
FB,20140910,76.519997,77.949997,76.510002,77.43,29909000
FB,20140909,77.589996,78.16999799999999,76.199997,76.66999799999999,28882000
FB,20140908,77.260002,78.16999799999999,77.010002,77.889999,28183000
FB,20140905,76.099998,77.379997,75.599998,77.260002,29476000
FB,20140904,75.889999,76.93,75.529999,75.949997,26676000
FB,20140903,77.139999,77.480003,75.599998,75.83000200000001,32389000
FB,20140902,75.010002,76.699997,74.82,76.68,34979000
FB,20140829,74.300003,74.82,74.010002,74.82,26241000
FB,20140828,74.0,74.43,73.730003,73.860001,21947000
FB,20140827,75.269997,75.489998,74.459999,74.629997,36323000
FB,20140826,75.0,75.989998,74.730003,75.959999,23993000
FB,20140825,74.940002,75.279999,74.790001,75.019997,19734000
FB,20140822,74.339996,74.730003,73.57,74.57,20897000
FB,20140821,74.91999799999999,75.190002,74.410004,74.57,20102000
FB,20140820,74.970001,75.18,74.620003,74.809998,22917000
FB,20140819,74.809998,75.58000200000001,74.510002,75.290001,26679000
FB,20140818,74.0,74.720001,73.959999,74.589996,23974000
FB,20140815,74.32,74.650002,73.0,73.629997,38846600
FB,20140814,73.970001,74.379997,73.690002,74.300003,22207000
FB,20140813,73.120003,74.25,73.050003,73.769997,29266000
FB,20140812,73.089996,73.33000200000001,72.220001,72.83000200000001,27419000
FB,20140811,73.459999,73.910004,73.059998,73.440002,24591000
FB,20140808,73.400002,73.43,72.559998,73.059998,27202000
FB,20140807,73.0,74.0,72.699997,73.16999799999999,38141000
FB,20140806,72.019997,73.720001,71.790001,72.470001,30986000
FB,20140805,73.199997,73.589996,72.18,72.690002,34986000
FB,20140804,72.360001,73.879997,72.360001,73.510002,30777000
FB,20140801,72.220001,73.220001,71.550003,72.360001,43535000
FB,20140731,74.0,74.16999799999999,72.440002,72.650002,43992000
FB,20140730,74.209999,75.190002,74.129997,74.68,36853000
FB,20140729,74.720001,74.91999799999999,73.41999799999999,73.709999,41324000
FB,20140728,75.16999799999999,75.5,73.849998,74.91999799999999,41725000
FB,20140725,74.989998,75.66999799999999,74.660004,75.190002,45917000
FB,20140724,75.959999,76.739998,74.510002,74.980003,124168000
FB,20140723,69.739998,71.33000200000001,69.610001,71.290001,78435000
FB,20140722,69.760002,69.769997,68.610001,69.269997,40398000
FB,20140721,68.809998,69.959999,68.5,69.400002,49539000
FB,20140718,66.800003,68.459999,66.160004,68.41999799999999,42456000
FB,20140717,67.029999,67.849998,66.040001,66.410004,38188000
FB,20140716,67.540001,67.940002,67.07,67.660004,29541600
FB,20140715,67.959999,68.089996,66.260002,67.16999799999999,44213200
FB,20140714,67.129997,68.16999799999999,66.900002,67.900002,38537000
FB,20140711,65.279999,66.589996,64.790001,66.339996,39212000
FB,20140710,63.310001,65.339996,63.049999,64.870003,44422000
FB,20140709,63.41,65.120003,63.150002,64.970001,51432000
FB,20140708,65.059998,65.559998,62.209998999999996,62.759997999999996,68926000
FB,20140707,66.300003,66.57,65.120003,65.290001,28745000
FB,20140703,66.860001,67.0,65.760002,66.290001,25203200
FB,20140702,68.040001,68.300003,65.790001,66.449997,41895000
FB,20140701,67.58000200000001,68.440002,67.389999,68.059998,33243000
FB,20140630,67.459999,67.91999799999999,67.129997,67.290001,27102800
FB,20140627,67.309998,67.699997,66.839996,67.599998,46461000
FB,20140626,68.0,68.0,66.900002,67.129997,47714000
FB,20140625,65.58000200000001,67.480003,65.57,67.440002,44308000
FB,20140624,65.360001,67.16999799999999,65.269997,65.720001,57335000
FB,20140623,64.32,65.660004,64.220001,65.370003,34560000
FB,20140620,64.459999,64.809998,63.349998,64.5,46466000
FB,20140619,65.459999,65.58000200000001,64.209999,64.339996,34245000
FB,20140618,64.489998,65.75,64.050003,65.599998,35570000
FB,20140617,64.099998,64.879997,63.93,64.400002,27715000
FB,20140616,64.160004,64.879997,63.75,64.190002,31046000
FB,20140613,64.699997,64.970001,63.830002,64.5,29419000
FB,20140612,65.849998,66.470001,64.059998,64.290001,55730000
FB,20140611,65.32,65.800003,64.900002,65.779999,44242000
FB,20140610,63.529999,65.82,63.5,65.769997,69338000
FB,20140609,62.400002,63.34,61.790001000000004,62.880001,37617000
FB,20140606,63.369999,63.48,62.150002,62.5,42442000
FB,20140605,63.66,64.360001,62.82,63.189999,47352000
FB,20140604,62.450001,63.59,62.07,63.34,36514000
FB,20140603,62.619999,63.419998,62.32,62.869999,32217000
FB,20140602,63.23,63.59,62.049999,63.080002,35996000
FB,20140530,63.950001,64.16999799999999,62.560001,63.299999,45253500
FB,20140529,63.84,64.300003,63.509997999999996,63.830002,42700000
FB,20140528,63.389998999999996,64.139999,62.619999,63.509997999999996,47795000
FB,20140527,61.619999,63.509997999999996,61.57,63.48,55682000
FB,20140523,60.41,61.450001,60.150002,61.349998,38294000
FB,20140522,60.939999,61.48,60.400002,60.52,54200000
FB,20140521,58.560001,60.5,58.25,60.490002000000004,58992000
FB,20140520,59.5,60.189999,58.18,58.560001,53931000
FB,20140519,57.889998999999996,59.560001,57.57,59.209998999999996,43034000
FB,20140516,58.310001,58.450001,57.310001,58.02,47933000
FB,20140515,59.259997999999996,59.380001,57.52,57.919998,56814000
FB,20140514,59.529999,60.450001,58.950001,59.23,47429000
FB,20140513,59.66,60.889998999999996,59.509997999999996,59.830002,48525000
FB,20140512,57.98,59.900002,57.98,59.830002,48575000
FB,20140509,56.849998,57.650002,56.380001,57.240002000000004,52584000
FB,20140508,57.23,58.82,56.5,56.759997999999996,61251000
FB,20140507,58.77,59.299999,56.259997999999996,57.389998999999996,78587000
FB,20140506,60.98,61.150002,58.490002000000004,58.529999,55901000
FB,20140505,59.669998,61.349998,59.18,61.220001,46057000
FB,20140502,61.299999,61.889998999999996,60.18,60.459998999999996,54189000
FB,20140501,60.43,62.279999,60.209998999999996,61.150002,82429000
FB,20140430,57.580002,59.849998,57.16,59.779999,76093000
FB,20140429,56.09,58.279999,55.84,58.150002,75557000
FB,20140428,58.049999,58.310001,54.66,56.139998999999996,107758000
FB,20140425,59.970001,60.009997999999996,57.57,57.709998999999996,92502000
FB,20140424,63.599998,63.650002,59.77,60.869999,138769000
FB,20140423,63.450001,63.48,61.259997999999996,61.360001000000004,95908700
FB,20140422,62.650002,63.439999,62.220001,63.029999,60631000
FB,20140421,59.459998999999996,61.240002000000004,59.150002,61.240002000000004,60364000
FB,20140417,59.299999,60.580002,58.720001,58.939999,88040000
FB,20140416,59.790001000000004,60.189999,57.740002000000004,59.720001,78774000
FB,20140415,59.290001000000004,59.68,55.880001,59.09,108623000
FB,20140414,60.09,60.450001,57.779999,58.889998999999996,72325000
FB,20140411,57.599998,60.310001,57.310001,58.529999,91452000
FB,20140410,63.080002,63.18,58.68,59.16,114988000
FB,20140409,59.630001,62.459998999999996,59.189999,62.41,100215000
FB,20140408,57.68,58.709998999999996,57.169998,58.189999,78836000
FB,20140407,55.900002,58.0,55.439999,56.950001,108488000
FB,20140404,59.939999,60.200001,56.32,56.75,125214400
FB,20140403,62.549999,63.169998,59.130001,59.490002000000004,83859000
FB,20140402,63.209998999999996,63.91,62.209998999999996,62.720001,66277000
FB,20140401,60.459998999999996,62.66,60.240002000000004,62.619999,59291000
FB,20140331,60.779999,61.52,59.869999,60.240002000000004,53011000
FB,20140328,61.34,61.950001,59.34,60.009997999999996,67052000
FB,20140327,60.509997999999996,61.900002,57.98,60.970001,112650000
FB,20140326,64.739998,64.949997,60.369999,60.389998999999996,97503900
FB,20140325,64.889999,66.190002,63.779999,64.889999,68786000
FB,20140324,67.190002,67.360001,63.360001000000004,64.099998,85696000
FB,20140321,67.529999,67.91999799999999,66.18,67.239998,59999900
FB,20140320,68.010002,68.230003,66.82,66.970001,44439000
FB,20140319,69.16999799999999,69.290001,67.470001,68.239998,43981000
FB,20140318,68.760002,69.599998,68.300003,69.190002,40827000
FB,20140317,68.18,68.949997,66.620003,68.739998,52197000
FB,20140314,68.489998,69.43,67.459999,67.720001,48227000
FB,20140313,71.290001,71.349998,68.150002,68.83000200000001,57091000
FB,20140312,69.860001,71.349998,69.0,70.879997,46340500
FB,20140311,72.5,72.589996,69.959999,70.099998,59408300
FB,20140310,70.769997,72.150002,70.510002,72.029999,59871600
FB,20140307,71.08000200000001,71.18,69.470001,69.800003,38927000
FB,20140306,71.879997,71.889999,70.25,70.839996,46026500
FB,20140305,69.690002,71.970001,69.620003,71.57,74567700
FB,20140304,68.660004,68.900002,67.620003,68.800003,42013500
FB,20140303,66.959999,68.050003,66.510002,67.410004,56824100
FB,20140228,69.470001,69.879997,67.379997,68.459999,66783700
FB,20140227,69.339996,70.010002,68.870003,68.940002,41653700
FB,20140226,70.190002,71.220001,68.849998,69.260002,55322700
FB,20140225,70.949997,71.0,69.449997,69.849998,52077000
FB,20140224,68.739998,71.440002,68.540001,70.779999,76620300
FB,20140221,69.690002,69.959999,68.449997,68.589996,70932400
FB,20140220,67.730003,70.110001,65.730003,69.629997,130928900
FB,20140219,67.050003,69.08000200000001,67.0,68.059998,62087100
FB,20140218,66.940002,67.540001,66.07,67.300003,43809900
FB,20140214,67.5,67.58000200000001,66.720001,67.089996,36694900
FB,20140213,64.18,67.33000200000001,64.050003,67.33000200000001,61911700
FB,20140212,64.91999799999999,65.059998,64.050003,64.449997,47282100
FB,20140211,63.75,65.0,63.349998,64.849998,45675600
FB,20140210,64.300003,64.489998,63.470001,63.549999,43666100
FB,20140207,62.27,64.57,62.220001,64.32,60704300
FB,20140206,61.459998999999996,62.779999,61.459998999999996,62.16,42086500
FB,20140205,62.740002000000004,63.16,61.27,62.189999,51685100
FB,20140204,62.049999,63.139998999999996,61.82,62.75,45985500
FB,20140203,63.029999,63.77,60.700001,61.48,74866600
FB,20140131,60.470001,63.369999,60.169998,62.57,87794600
FB,20140130,62.119999,62.5,60.459998999999996,61.080002,150178900
FB,20140129,54.610001000000004,54.950001,53.189999,53.529999,92995600
FB,20140128,54.02,55.279999,54.0,55.139998999999996,48191200
FB,20140127,54.73,54.939999,51.849998,53.549999,73924100
FB,20140124,56.150002,56.419998,54.400002,54.450001,55200700
FB,20140123,56.369999,56.68,55.689999,56.630001,47951800
FB,20140122,58.849998,59.310001,57.099998,57.509997999999996,61352900
FB,20140121,56.599998,58.580002,56.5,58.509997999999996,48669200
FB,20140117,57.299999,57.82,56.07,56.299999,40849200
FB,20140116,57.259997999999996,58.02,56.830002,57.189999,34541800
FB,20140115,57.98,58.57,57.27,57.599998,33663400
FB,20140114,56.459998999999996,57.779999,56.099998,57.740002000000004,37503600
FB,20140113,57.91,58.25,55.380001,55.91,63010900
FB,20140110,57.130001,58.299999,57.060001,57.939999,42449500
FB,20140109,58.650002,58.959998999999996,56.650002,57.220001,92253300
FB,20140108,57.599998,58.41,57.23,58.23,56682400
FB,20140107,57.700001,58.549999,57.220001,57.919998,77207400
FB,20140106,54.419998,57.259997999999996,54.049999,57.200001,68852600
FB,20140103,55.02,55.650002,54.529999,54.560001,38246200
FB,20140102,54.830002,55.220001,54.189999,54.709998999999996,43195500
FB,20131231,54.119999,54.860001000000004,53.91,54.650002,43076200
FB,20131230,54.93,55.18,53.43,53.709998999999996,68307000
FB,20131227,57.48,57.68,55.25,55.439999,60466000
FB,20131226,58.32,58.380001,57.369999,57.73,55101000
FB,20131224,58.27,58.580002,56.91,57.959998999999996,46617800
FB,20131223,55.5,58.32,55.450001,57.77,98297000
FB,20131220,54.93,55.150002,54.23,55.119999,239824000
FB,20131219,54.330002,55.189999,53.950001,55.049999,89753200
FB,20131218,54.860001000000004,55.889998999999996,53.75,55.57,76003000
FB,20131217,54.759997999999996,55.18,54.240002000000004,54.860001000000004,78751000
FB,20131216,53.25,54.5,52.91,53.810001,85119000
FB,20131213,51.66,53.5,51.34,53.32,82641000
FB,20131212,51.049999,52.07,50.66,51.830002,92723000
FB,20131211,50.549999,50.77,49.009997999999996,49.380001,65776000
FB,20131210,48.639998999999996,50.77,48.540001000000004,50.25,68479000
FB,20131209,48.09,48.970001,47.740002000000004,48.84,36056000
FB,20131206,48.98,49.389998999999996,47.709998999999996,47.939999,42938000
FB,20131205,48.150002,48.700001,47.869999,48.34,43855000
FB,20131204,46.459998999999996,48.77,46.259997999999996,48.619999,60890000
FB,20131203,46.75,47.200001,46.290001000000004,46.73,32086000
FB,20131202,46.900002,47.540001000000004,46.259997999999996,47.060001,50774000
FB,20131129,46.75,47.209998999999996,46.5,47.009997999999996,22953900
FB,20131127,45.970001,46.669998,45.529999,46.490002000000004,44993000
FB,20131126,44.66,46.169998,43.549999,45.889998999999996,82016000
FB,20131125,46.360001000000004,46.650002,44.040001000000004,44.82,82565000
FB,20131122,47.040001000000004,47.27,45.959998999999996,46.23,40545000
FB,20131121,46.990002000000004,47.459998999999996,46.689999,46.700001,34886000
FB,20131120,46.610001000000004,47.549999,46.310001,46.43,53933000
FB,20131119,46.259997999999996,47.0,45.720001,46.360001000000004,75602000
FB,20131118,48.470001,48.84,45.799999,45.830002,85910000
FB,20131115,49.110001000000004,49.48,48.709998999999996,49.009997999999996,42453000
FB,20131114,48.700001,49.57,48.029999,48.990002000000004,75117000
FB,20131113,46.23,48.740002000000004,46.060001,48.709998999999996,79245000
FB,20131112,46.0,47.369999,45.830002,46.610001000000004,68196000
FB,20131111,47.040001000000004,47.529999,45.73,46.200001,80910000
FB,20131108,47.810001,48.650002,47.25,47.529999,70731000
FB,20131107,49.240002000000004,49.869999,47.299999,47.560001,97128000
FB,20131106,50.259997999999996,50.450001,48.709998999999996,49.119999,67889000
FB,20131105,47.790001000000004,50.18,47.509997999999996,50.110001000000004,76835000
FB,20131104,49.369999,49.75,48.02,48.220001,80371000
FB,20131101,50.849998,52.09,49.720001,49.75,95033000
FB,20131031,47.16,52.0,46.5,50.209998999999996,248809000
FB,20131030,50.0,50.209998999999996,48.75,49.009997999999996,127073000
FB,20131029,50.73,50.790001000000004,49.25,49.400002,102143000
FB,20131028,51.540001000000004,51.700001,49.610001000000004,50.23,73472000
FB,20131025,53.18,53.240002000000004,51.880001,51.950001,45085000
FB,20131024,52.380001,52.84,51.59,52.450001,46775000
FB,20131023,51.75,52.25,51.130001,51.900002,57207000
FB,20131022,54.330002,54.759997999999996,52.200001,52.68,83204000
FB,20131021,54.68,54.810001,53.509997999999996,53.849998,58235000
FB,20131018,54.18,54.830002,53.599998,54.220001,88260000
FB,20131017,51.119999,52.220001,50.950001,52.209998999999996,71522000
FB,20131016,50.040001000000004,51.240002000000004,49.900002,51.139998999999996,64678000
FB,20131015,49.990002000000004,51.0,49.18,49.5,81167000
FB,20131014,48.310001,49.630001,47.91,49.509997999999996,68781000
FB,20131011,49.18,49.869999,48.790001000000004,49.110001000000004,58428000
FB,20131010,47.869999,49.68,47.830002,49.049999,99774000
FB,20131009,47.380001,47.84,45.259997999999996,46.77,147297000
FB,20131008,50.599998,50.599998,47.080002,47.139998999999996,136081000
FB,20131007,50.73,51.290001000000004,50.400002,50.52,57204000
FB,20131004,49.77,51.16,49.57,51.040001000000004,74447000
FB,20131003,50.470001,50.720001,49.060001,49.18,82045000
FB,20131002,50.130001,51.099998,49.950001,50.279999,62834000
FB,20131001,49.970001,51.029999,49.450001,50.419998,98114000
FB,20130930,50.139998999999996,51.599998,49.799999,50.23,100095000
FB,20130927,50.290001000000004,51.279999,49.860001000000004,51.240002000000004,81410500
FB,20130926,50.009997999999996,50.599998,49.5,50.389998999999996,98220100
FB,20130925,49.23,49.540001000000004,48.459998999999996,49.459998999999996,87879700
FB,20130924,48.509997999999996,49.66,48.16,48.450001,136716100
FB,20130923,47.279999,47.549999,46.290001000000004,47.189999,75177000
FB,20130920,46.32,47.599998,45.740002000000004,47.490002000000004,115508400
FB,20130919,45.509997999999996,46.049999,45.23,45.98,63972400
FB,20130918,44.84,45.470001,44.400002,45.23,79317000
FB,20130917,42.5,45.439999,42.43,45.07,91934600
FB,20130916,44.849998,44.939999,42.43,42.509997999999996,70424200
FB,20130913,45.040001000000004,45.080002,43.93,44.310001,52765300
FB,20130912,45.529999,45.619999,44.650002,44.75,68072300
FB,20130911,43.389998999999996,45.09,43.110001000000004,45.040001000000004,72328300
FB,20130910,44.240002000000004,44.259997999999996,43.23,43.599998,54540300
FB,20130909,44.360001000000004,44.790001000000004,43.700001,44.040001000000004,75794700
FB,20130906,43.09,44.610001000000004,42.400002,43.950001,117535700
FB,20130905,41.790001000000004,42.77,41.77,42.66,50035400
FB,20130904,42.009997999999996,42.169998,41.439999,41.779999,42581900
FB,20130903,41.84,42.16,41.509997999999996,41.869999,48774900
FB,20130830,42.02,42.259997999999996,41.060001,41.290001000000004,67735100
FB,20130829,40.889998999999996,41.779999,40.799999,41.279999,58303400
FB,20130828,39.959998999999996,40.849998,39.880001,40.549999,57918200
FB,20130827,40.68,41.200001,39.419998,39.639998999999996,72695100
FB,20130826,40.900002,41.939999,40.619999,41.34,94162400
FB,20130823,39.0,40.630001,38.93,40.549999,86442300
FB,20130822,38.369999,38.75,38.34,38.549999,21931200
FB,20130821,38.380001,38.849998,38.150002,38.32,46116900
FB,20130820,38.349998,38.580002,37.689999,38.41,57995200
FB,20130819,37.43,38.279999,37.139998999999996,37.810001,57609600
FB,20130816,36.970001,37.490002000000004,36.900002,37.080002,45840800
FB,20130815,36.360001000000004,37.07,36.02,36.560001,56521100
FB,20130814,36.830002,37.549999,36.619999,36.650002,48423900
FB,20130813,38.240002000000004,38.32,36.77,37.02,65379200
FB,20130812,38.200001,38.5,38.099998,38.220001,31161000
FB,20130809,38.59,38.740002000000004,38.009997999999996,38.5,43532300
FB,20130808,39.130001,39.189999,38.43,38.540001000000004,41301000
FB,20130807,38.610001000000004,38.939999,37.700001,38.869999,68854800
FB,20130806,39.110001000000004,39.25,37.939999,38.549999,63950800
FB,20130805,38.43,39.32,38.25,39.189999,79994800
FB,20130802,37.66,38.490002000000004,37.5,38.049999,73058500
FB,20130801,37.299999,38.290001000000004,36.919998,37.490002000000004,106066500
FB,20130731,37.959998999999996,38.310001,36.330002,36.799999,154828700
FB,20130730,35.650002,37.959998999999996,35.32,37.630001,173582800
FB,20130729,34.07,35.630001,34.009997999999996,35.43,124718800
FB,20130726,33.77,34.73,33.560001,34.009997999999996,136028900
FB,20130725,33.540001000000004,34.880001,32.75,34.360001000000004,365457900
FB,20130724,26.32,26.530001000000002,26.049999,26.51,82635600
FB,20130723,26.1,26.299999,25.969998999999998,26.129998999999998,28221600
FB,20130722,25.99,26.129998999999998,25.719998999999998,26.049999,27526300
FB,20130719,25.82,26.110001,25.6,25.879998999999998,46539700
FB,20130718,26.75,26.77,26.120001000000002,26.18,24806900
FB,20130717,26.370001000000002,26.780001000000002,26.299999,26.65,21518500
FB,20130716,26.389999,26.75,26.01,26.32,30817600
FB,20130715,25.93,26.43,25.65,26.280001000000002,24234000
FB,20130712,25.74,25.93,25.549999,25.91,16537900
FB,20130711,25.959999,26.0,25.450001,25.809998999999998,26777400
FB,20130710,25.58,25.83,25.469998999999998,25.799999,26721800
FB,20130709,25.07,25.49,25.030001000000002,25.48,30387900
FB,20130708,24.469998999999998,25.040001,24.42,24.709999,27064600
FB,20130705,24.65,24.66,24.200001,24.370001000000002,20229500
FB,20130703,24.219998999999998,24.709999,24.15,24.52,10404400
FB,20130702,24.700001,24.77,24.299999,24.41,18394100
FB,20130701,24.969998999999998,25.059998999999998,24.620001000000002,24.809998999999998,20582200
FB,20130628,24.68,24.98,24.42,24.879998999999998,96778900
FB,20130627,24.24,24.84,24.209999,24.66,34694100
FB,20130626,24.51,24.65,23.99,24.16,29890300
FB,20130625,24.139999,24.43,24.040001,24.25,24713200
FB,20130624,23.950001,24.110001,23.379998999999998,23.940001000000002,40626000
FB,20130621,24.59,24.700001,24.049999,24.530001000000002,45833900
FB,20130620,24.280001000000002,24.75,23.65,23.9,42765600
FB,20130619,24.200001,25.190001000000002,24.1,24.309998999999998,31790600
FB,20130618,24.09,24.690001000000002,24.08,24.209999,36709100
FB,20130617,23.91,24.25,23.75,24.02,33664500
FB,20130614,23.559998999999998,23.889999,23.26,23.629998999999998,30677100
FB,20130613,23.719998999999998,23.83,23.27,23.73,31189300
FB,20130612,24.16,24.26,23.58,23.77,26445800
FB,20130611,24.030001000000002,24.35,24.0,24.030001000000002,29885900
FB,20130610,24.059998999999998,24.6,23.99,24.33,58393000
FB,20130607,23.030001000000002,23.4,22.860001,23.290001,38699200
FB,20130606,22.99,23.09,22.67,22.969998999999998,31260700
FB,20130605,23.35,23.709999,22.790001,22.9,53819700
FB,20130604,23.889999,23.93,23.32,23.52,34760800
FB,20130603,24.27,24.32,23.709999,23.85,35733800
FB,20130531,24.629998999999998,24.950001,24.27,24.35,35925000
FB,20130530,24.129998999999998,24.780001000000002,23.93,24.549999,60733200
FB,20130529,23.790001,23.809998999999998,23.26,23.32,64237800
FB,20130528,24.540001,24.540001,23.92,24.1,50079700
FB,20130524,24.969998999999998,24.969998999999998,24.08,24.309998999999998,58727900
FB,20130523,24.799999,25.530001000000002,24.77,25.059998999999998,37663100
FB,20130522,25.65,25.85,24.92,25.16,45314500
FB,20130521,25.870001000000002,26.08,25.59,25.66,26261300
FB,20130520,26.18,26.190001000000002,25.690001000000002,25.76,42402900
FB,20130517,26.4,26.6,26.200001,26.25,29462700
FB,20130516,26.48,26.549999,25.9,26.129998999999998,35499100
FB,20130515,26.92,26.99,26.4,26.6,30299800
FB,20130514,26.889999,27.280001000000002,26.82,27.07,24930300
FB,20130513,26.6,27.33,26.530001000000002,26.82,29068800
FB,20130510,27.139999,27.299999,26.57,26.68,30847100
FB,20130509,27.08,27.549999,26.85,27.040001,33457200
FB,20130508,26.879998999999998,27.299999,26.65,27.120001000000002,34654900
FB,20130507,27.549999,27.85,26.85,26.889999,41259100
FB,20130506,28.33,28.459999,27.48,27.57,43939400
FB,20130503,29.040001,29.07,28.15,28.309998999999998,58506400
FB,20130502,28.01,29.02,27.98,28.969998999999998,104257000
FB,20130501,27.85,27.92,27.309998999999998,27.43,64567600
FB,20130430,27.129998999999998,27.85,27.01,27.77,36245700
FB,20130429,27.16,27.41,26.860001,26.98,29201100
FB,20130426,26.6,27.620001000000002,26.6,26.85,33018000
FB,20130425,26.07,26.4,26.0,26.139999,17150000
FB,20130424,25.93,26.4,25.799999,26.110001,19729900
FB,20130423,26.219998999999998,26.33,25.77,25.98,25191500
FB,20130422,25.809998999999998,26.360001,25.700001,25.969998999999998,25687600
FB,20130419,25.620001000000002,25.959999,25.33,25.73,20380900
FB,20130418,26.82,26.82,25.15,25.690001000000002,39059000
FB,20130417,26.65,27.200001,26.389999,26.629998999999998,26440600
FB,20130416,26.809998999999998,27.110001,26.4,26.92,27365900
FB,20130415,27.16,27.48,26.360001,26.52,30275400
FB,20130412,28.0,28.0,27.24,27.4,28697400
FB,20130411,27.48,28.1,27.25,28.02,33368500
FB,20130410,27.01,27.84,26.9,27.57,45949400
FB,20130409,26.58,26.889999,26.42,26.59,21311100
FB,20130408,27.190001000000002,27.200001,26.629998999999998,26.85,27256000
FB,20130405,26.860001,27.799999,26.610001,27.389999,64566600
FB,20130404,26.620001000000002,27.23,26.110001,27.07,82016800
FB,20130403,25.83,26.389999,25.700001,26.25,48195200
FB,20130402,25.77,26.120001000000002,25.299999,25.42,35153300
FB,20130401,25.629998999999998,25.889999,25.280001000000002,25.530001000000002,22249300
FB,20130328,26.09,26.17,25.52,25.58,28585700
FB,20130327,25.0,26.280001000000002,24.719998999999998,26.09,52297400
FB,20130326,25.08,25.48,25.030001000000002,25.209999,26957200
FB,20130325,25.75,25.799999,25.08,25.129998999999998,39199000
FB,20130322,25.799999,26.01,25.629998999999998,25.73,18456300
FB,20130321,25.66,26.110001,25.559998999999998,25.74,24336100
FB,20130320,26.68,26.690001000000002,25.780001000000002,25.860001,44006500
FB,20130319,26.530001000000002,26.9,26.209999,26.549999,25254200
FB,20130318,26.370001000000002,26.790001,25.780001000000002,26.49,26653700
FB,20130315,27.030001000000002,27.059998999999998,26.559998999999998,26.65,31597400
FB,20130314,27.1,27.43,26.83,27.040001,27646400
FB,20130313,27.620001000000002,27.65,26.92,27.08,39619500
FB,20130312,28.1,28.32,27.6,27.83,27569600
FB,20130311,28.01,28.639999,27.83,28.139999,35642100
FB,20130308,28.43,28.469998999999998,27.73,27.959999,44198900
FB,20130307,27.57,28.68,27.469998999999998,28.58,74540200
FB,20130306,28.1,28.129998999999998,27.35,27.450001,33532600
FB,20130305,27.879998999999998,28.18,27.209999,27.52,40622200
FB,20130304,27.76,28.059998999999998,27.440001000000002,27.719998999999998,32400700
FB,20130301,27.049999,28.120001000000002,26.809998999999998,27.780001000000002,54064800
FB,20130228,26.84,27.299999,26.34,27.25,83027800
FB,20130227,27.34,27.34,26.629998999999998,26.870001000000002,44319700
FB,20130226,27.360001,27.459999,26.700001,27.389999,31611700
FB,20130225,27.16,27.639999,27.15,27.27,34652000
FB,20130222,27.620001000000002,27.629998999999998,26.82,27.129998999999998,36350200
FB,20130221,28.280001000000002,28.549999,27.15,27.280001000000002,49642300
FB,20130220,28.92,29.049999,28.33,28.459999,42098200
FB,20130219,28.23,29.08,28.120001000000002,28.93,49396400
FB,20130215,28.52,28.75,28.09,28.32,33109300
FB,20130214,28.02,28.629998999999998,28.01,28.5,35615800
FB,20130213,27.360001,28.32,27.309998999999998,27.91,50164000
FB,20130212,27.67,28.16,27.1,27.370001000000002,93498700
FB,20130211,28.610001,28.68,28.040001,28.26,37361800
FB,20130208,28.889999,29.17,28.51,28.549999,37708800
FB,20130207,29.110001,29.15,28.27,28.65,34540100
FB,20130206,28.74,29.290001,28.66,29.049999,38375900
FB,20130205,28.26,28.959999,28.040001,28.639999,47948200
FB,20130204,29.059998999999998,29.200001,28.01,28.110001,92362200
FB,20130201,31.01,31.02,29.629998999999998,29.73,85856700
FB,20130131,29.15,31.469998999999998,28.74,30.98,190744900
FB,20130130,30.98,31.49,30.879998999999998,31.24,87682100
FB,20130129,32.0,32.07,30.709999,30.790001,72976500
FB,20130128,31.879998999999998,32.509997999999996,31.809998999999998,32.470001,59682500
FB,20130125,31.41,31.93,31.129998999999998,31.540001,54363600
FB,20130124,31.27,31.49,30.809998999999998,31.08,43845100
FB,20130123,31.1,31.5,30.799999,30.82,48899800
FB,20130122,29.75,30.889999,29.74,30.73,55243300
FB,20130118,30.309998999999998,30.440001000000002,29.27,29.66,49631500
FB,20130117,30.08,30.42,30.030001000000002,30.139999,40256700
FB,20130116,30.209999,30.35,29.530001000000002,29.85,75332700
FB,20130115,30.639999,31.709999,29.879998999999998,30.1,173242600
FB,20130114,32.080002,32.209998999999996,30.620001000000002,30.950001,98892800
FB,20130111,31.280001000000002,31.959999,31.1,31.719998999999998,89598000
FB,20130110,30.6,31.450001,30.280001000000002,31.299999,95316400
FB,20130109,29.67,30.6,29.49,30.59,104787700
FB,20130108,29.51,29.6,28.860001,29.059998999999998,45871300
FB,20130107,28.690001000000002,29.790001,28.65,29.42,83781800
FB,20130104,28.01,28.93,27.83,28.76,72715400
FB,20130103,27.879998999999998,28.469998999999998,27.59,27.77,63140600
FB,20130102,27.440001000000002,28.18,27.42,28.0,69846400
FB,20121231,26.200001,26.99,26.110001,26.620001000000002,60374500
FB,20121228,25.48,26.110001,25.15,25.91,56574800
FB,20121227,26.549999,26.799999,25.52,26.049999,43481700
FB,20121226,27.030001000000002,27.18,26.379998999999998,26.51,33175400
FB,20121224,26.5,26.959999,26.200001,26.93,28230100
FB,20121221,26.66,27.01,26.120001000000002,26.26,54555200
FB,20121220,27.49,27.6,27.129998999999998,27.360001,35574800
FB,20121219,27.83,28.219998999999998,26.950001,27.41,61390300
FB,20121218,26.959999,27.91,26.9,27.709999,60512900
FB,20121217,26.77,27.0,26.32,26.75,57742500
FB,20121214,28.18,28.33,26.76,26.809998999999998,91631600
FB,20121213,27.59,28.75,27.43,28.24,81051600
FB,20121212,28.0,28.139999,27.370001000000002,27.58,46704200
FB,20121211,28.07,28.24,27.66,27.98,77099100
FB,20121210,27.17,28.17,27.1,27.84,50608500
FB,20121207,27.07,27.780001000000002,26.84,27.49,51751900
FB,20121206,27.68,27.75,26.82,26.969998999999998,46001500
FB,20121205,27.75,27.9,27.26,27.709999,58976300
FB,20121204,27.059998999999998,27.76,26.68,27.459999,72869200
FB,20121203,28.0,28.879998999999998,26.98,27.040001,123526100
FB,20121130,27.26,28.0,26.76,28.0,127049600
FB,20121129,26.5,27.52,26.16,27.32,88759700
FB,20121128,25.940001000000002,26.49,25.75,26.360001,49205600
FB,20121127,26.040001,26.5,25.459999,26.15,85760600
FB,20121126,24.940001000000002,26.09,24.809998999999998,25.940001000000002,123865000
FB,20121123,24.58,24.68,23.879998999999998,24.0,29520900
FB,20121121,23.219998999999998,24.530001000000002,23.049999,24.32,89862400
FB,20121120,22.73,23.9,22.700001,23.1,46655300
FB,20121119,23.959999,24.120001000000002,22.82,22.92,85021300
FB,20121116,22.25,23.93,22.18,23.559998999999998,107182200
FB,20121115,22.34,22.5,21.65,22.17,78857700
FB,20121114,20.1,22.5,19.93,22.360001,229751000
FB,20121113,19.610001,20.110001,19.559998999999998,19.860001,71775100
FB,20121112,19.15,20.17,18.870001000000002,20.07,67349200
FB,20121109,19.959999,20.0,19.129998999999998,19.209999,42295500
FB,20121108,20.52,20.73,19.98,19.99,34254600
FB,20121107,20.85,20.950001,20.370001000000002,20.469998999999998,33396800
FB,20121106,21.24,21.370001000000002,20.99,21.17,29062700
FB,20121105,21.1,21.48,20.92,21.25,31806700
FB,20121102,21.26,21.690001000000002,21.07,21.18,38344400
FB,20121101,21.08,21.440001000000002,21.01,21.209999,37713900
FB,20121031,20.82,21.5,20.73,21.110001,99378200
FB,20121026,22.4,22.879998999999998,21.879998999999998,21.940001000000002,73175800
FB,20121025,23.290001,23.309998999999998,22.469998999999998,22.559998999999998,76142000
FB,20121024,24.129998999999998,24.25,22.85,23.23,228949900
FB,20121023,19.25,19.799999,19.1,19.5,78381200
FB,20121022,19.200001,19.43,19.049999,19.32,32447300
FB,20121019,19.0,19.059998999999998,18.799999,19.0,34835000
FB,20121018,19.700001,19.790001,18.889999,18.98,52157400
FB,20121017,19.5,20.48,19.370001000000002,19.879998999999998,44074500
FB,20121016,19.68,19.690001000000002,19.299999,19.48,21834700
FB,20121015,19.68,19.879998999999998,19.49,19.52,20189700
FB,20121012,19.75,19.799999,19.48,19.52,18809400
FB,20121011,19.879998999999998,19.959999,19.610001,19.75,21817300
FB,20121010,19.93,19.940001000000002,19.450001,19.639999,39321800
FB,20121009,20.389999,20.549999,19.969998999999998,20.23,27161800
FB,20121008,20.4,20.75,20.16,20.4,32236700
FB,20121005,21.49,21.629998999999998,20.879998999999998,20.91,40529300
FB,20121004,22.32,22.4,21.41,21.950001,46892100
FB,20121003,22.299999,22.49,21.799999,21.83,32000100
FB,20121002,22.08,22.49,21.82,22.27,29341400
FB,20121001,22.08,22.59,21.73,21.99,51262700
FB,20120928,20.57,21.950001,20.5,21.66,65486000
FB,20120927,20.99,21.0,20.16,20.32,30215900
FB,20120926,20.15,20.780001000000002,19.799999,20.620001000000002,38271900
FB,20120925,21.200001,21.209999,20.219998999999998,20.280001000000002,46291700
FB,20120924,21.780001000000002,21.98,20.360001,20.790001,79106500
FB,20120921,22.969998999999998,23.24,22.6,22.860001,51218100
FB,20120920,23.02,23.24,22.540001,22.59,57248900
FB,20120919,21.99,23.370001000000002,21.77,23.290001,78782800
FB,20120918,21.6,21.98,21.370001000000002,21.870001000000002,36760500
FB,20120917,22.67,22.75,21.5,21.52,50667600
FB,20120914,21.129998999999998,22.08,20.9,22.0,72819800
FB,20120913,20.959999,21.48,20.610001,20.709999,65041600
FB,20120912,20.76,21.16,20.280001000000002,20.93,121584000
FB,20120911,18.92,19.58,18.85,19.43,50508200
FB,20120910,19.059998999999998,19.200001,18.549999,18.809998999999998,24797800
FB,20120907,19.1,19.42,18.780001000000002,18.98,36371700
FB,20120906,18.74,19.26,18.719998999999998,18.959999,46066500
FB,20120905,18.27,18.75,18.18,18.58,60781800
FB,20120904,18.08,18.27,17.549999,17.73,46622400
FB,20120831,18.68,18.700001,18.030001000000002,18.059998999999998,58764200
FB,20120830,19.27,19.450001,19.059998999999998,19.09,30647500
FB,20120829,19.32,19.379998999999998,19.07,19.1,16124700
FB,20120828,19.1,19.379998999999998,18.950001,19.34,25417000
FB,20120827,19.49,19.530001000000002,19.1,19.15,20704000
FB,20120824,19.52,19.68,19.25,19.41,29622200
FB,20120823,19.5,19.73,19.360001,19.440001000000002,32813700
FB,20120822,19.360001,19.530001000000002,18.959999,19.440001000000002,49892200
FB,20120821,19.58,19.98,19.09,19.16,70640600
FB,20120820,19.049999,20.129998999999998,18.75,20.01,101186600
FB,20120817,20.01,20.08,19.0,19.049999,129293400
FB,20120816,20.440001000000002,20.48,19.690001000000002,19.870001000000002,157565300
FB,20120815,20.639999,21.41,20.4,21.200001,47861100
FB,20120814,21.41,21.6,20.25,20.379998999999998,39308800
FB,20120813,22.15,22.450001,21.4,21.6,24973100
FB,20120810,21.41,21.82,21.129998999999998,21.809998999999998,25794700
FB,20120809,20.75,21.17,20.610001,21.01,15610700
FB,20120808,20.709999,21.15,20.219998999999998,20.719998999999998,29537400
FB,20120807,22.200001,22.450001,20.5,20.719998999999998,36782900
FB,20120806,21.389999,22.15,21.299999,21.92,27778900
FB,20120803,20.360001,22.16,19.9,21.09,80647000
FB,20120802,20.77,20.84,19.82,20.040001,56374500
FB,20120801,21.5,21.58,20.84,20.879998999999998,44604400
FB,20120731,23.370001000000002,23.370001000000002,21.610001,21.709999,56179400
FB,20120730,24.0,24.040001,23.030001000000002,23.15,29285900
FB,20120727,23.190001000000002,24.540001,22.280001000000002,23.709999,123102300
FB,20120726,27.75,28.23,26.73,26.85,64597400
FB,20120725,28.389999,29.49,28.08,29.34,17230200
FB,20120724,28.82,29.450001,28.1,28.450001,11539800
FB,20120723,28.120001000000002,29.0,28.01,28.75,12390700
FB,20120720,29.0,29.469998999999998,28.719998999999998,28.76,11869100
FB,20120719,29.41,29.5,28.629998999999998,29.0,13685100
FB,20120718,28.309998999999998,29.290001,28.15,29.110001,16841800
FB,20120717,28.48,28.59,27.15,28.09,30438600
FB,20120716,30.5,30.5,28.209999,28.25,24672100
FB,20120713,31.040001,31.07,30.559998999999998,30.719998999999998,8108300
FB,20120712,30.700001,31.4,30.6,30.809998999999998,11300700
FB,20120711,31.48,31.559998999999998,30.549999,30.969998999999998,13030300
FB,20120710,32.43,32.48,31.16,31.469998999999998,14269500
FB,20120709,32.099998,32.880001,31.99,32.169998,17785200
FB,20120706,31.440001000000002,31.9,31.26,31.73,10945600
FB,20120705,31.32,31.629998999999998,31.02,31.469998999999998,10032100
FB,20120703,30.91,31.440001000000002,30.799999,31.200001,8763600
FB,20120702,31.25,31.73,30.549999,30.77,14122000
FB,20120629,31.92,31.99,30.76,31.1,19526900
FB,20120628,31.959999,32.189999,30.9,31.360001,17713300
FB,20120627,32.459998999999996,32.900002,31.9,32.23,28568000
FB,20120626,32.689999,33.439999,32.5,33.099998,24858700
FB,20120625,32.860001000000004,33.02,31.549999,32.060001,24352900
FB,20120622,32.41,33.450001,32.060001,33.049999,74834000
FB,20120621,31.67,32.5,31.51,31.84,21875300
FB,20120620,31.92,31.93,31.15,31.6,15553600
FB,20120619,31.540001,32.18,30.700001,31.91,30849000
FB,20120618,29.959999,32.080002,29.41,31.41,42978900
FB,20120615,28.51,30.1,28.35,30.01,43563800
FB,20120614,27.65,28.32,27.379998999999998,28.290001,16855000
FB,20120613,27.66,28.1,27.1,27.27,17102800
FB,20120612,27.48,27.77,26.959999,27.4,15816800
FB,20120611,27.18,28.07,26.84,27.01,28219600
FB,20120608,26.549999,27.76,26.440001000000002,27.1,38034000
FB,20120607,27.0,27.35,26.15,26.309998999999998,26159500
FB,20120606,26.07,27.17,25.52,26.809998999999998,61489200
FB,20120605,26.700001,27.76,25.75,25.870001000000002,42473400
FB,20120604,27.200001,27.65,26.440001000000002,26.9,35230300
FB,20120601,28.889999,29.15,27.389999,27.719998999999998,41855500
FB,20120531,28.549999,29.67,26.83,29.6,111639200
FB,20120530,28.700001,29.549999,27.860001,28.190001000000002,57267900
FB,20120529,31.48,31.690001000000002,28.65,28.84,78063400
FB,20120525,32.900002,32.950001,31.110001,31.91,37149800
FB,20120524,32.950001,33.209998999999996,31.77,33.029999,50237200
FB,20120523,31.370001000000002,32.5,31.360001,32.0,73600000
FB,20120522,32.610001000000004,33.59,30.940001000000002,31.0,101786600
FB,20120521,36.529999,36.66,33.0,34.029999,168192700
FB,20120518,42.049999,45.0,38.0,38.23,573576400
