<Ticker>,<DTYYYYMMDD>,<Open>,High,<Low>,<Close>,<Volume>
GTO.AS,20180518,49.799999,49.889998999999996,49.790001000000004,49.889998999999996,295533
GTO.AS,20180517,49.82,49.860001000000004,49.779999,49.779999,274358
GTO.AS,20180516,49.849998,49.880001,49.799999,49.82,187736
GTO.AS,20180515,49.790001000000004,49.849998,49.759997999999996,49.82,216385
GTO.AS,20180514,49.799999,49.830002,49.759997999999996,49.799999,155282
GTO.AS,20180511,49.759997999999996,49.810001,49.709998999999996,49.75,158231
GTO.AS,20180510,49.849998,49.889998999999996,49.75,49.75,247082
GTO.AS,20180509,49.810001,49.900002,49.799999,49.849998,275959
GTO.AS,20180508,49.970001,49.970001,49.810001,49.810001,319855
GTO.AS,20180507,49.84,49.98,49.830002,49.91,174653
GTO.AS,20180504,49.950001,49.959998999999996,49.82,49.830002,315245
GTO.AS,20180503,49.950001,50.0,49.889998999999996,49.98,336890
GTO.AS,20180502,49.880001,50.02,49.84,49.970001,486854
GTO.AS,20180430,49.799999,49.880001,49.73,49.880001,281876
GTO.AS,20180427,49.849998,49.900002,49.75,49.75,561206
GTO.AS,20180426,49.990002000000004,50.0,49.799999,49.799999,449726
GTO.AS,20180425,49.990002000000004,50.0,49.91,49.959998999999996,283176
GTO.AS,20180424,49.91,50.0,49.900002,49.990002000000004,271364
GTO.AS,20180423,49.950001,50.0,49.900002,49.91,278123
GTO.AS,20180420,49.990002000000004,50.02,49.939999,49.98,329398
GTO.AS,20180419,50.02,50.139998999999996,49.950001,49.950001,272346
GTO.AS,20180418,49.900002,50.040001000000004,49.869999,50.0,514823
GTO.AS,20180417,49.950001,50.040001000000004,49.880001,49.880001,419929
GTO.AS,20180416,49.830002,49.950001,49.810001,49.950001,291408
GTO.AS,20180413,49.799999,49.91,49.740002000000004,49.849998,300588
GTO.AS,20180412,49.66,49.799999,49.639998999999996,49.799999,256175
GTO.AS,20180411,49.709998999999996,49.75,49.599998,49.75,319519
GTO.AS,20180410,49.75,49.77,49.650002,49.650002,203665
GTO.AS,20180409,49.66,49.740002000000004,49.639998999999996,49.740002000000004,211096
GTO.AS,20180406,49.610001000000004,49.740002000000004,49.59,49.66,338378
GTO.AS,20180405,49.75,49.900002,49.57,49.57,420446
GTO.AS,20180404,49.66,49.900002,49.630001,49.639998999999996,564507
GTO.AS,20180403,49.59,49.759997999999996,49.560001,49.650002,476596
GTO.AS,20180329,49.630001,49.709998999999996,49.560001,49.650002,274944
GTO.AS,20180328,49.599998,49.709998999999996,49.470001,49.599998,1186110
GTO.AS,20180327,49.279999,49.43,49.200001,49.349998,341789
GTO.AS,20180326,49.369999,49.369999,49.139998999999996,49.25,313607
GTO.AS,20180323,49.450001,49.540001000000004,49.169998,49.389998999999996,499797
GTO.AS,20180322,49.400002,49.599998,49.23,49.599998,531862
GTO.AS,20180321,49.43,49.490002000000004,49.349998,49.43,259092
GTO.AS,20180320,49.290001000000004,49.450001,49.279999,49.400002,233395
GTO.AS,20180319,49.110001000000004,49.400002,49.099998,49.349998,340805
GTO.AS,20180316,49.380001,49.43,49.150002,49.150002,1077261
GTO.AS,20180315,49.450001,49.52,49.360001000000004,49.380001,508109
GTO.AS,20180314,49.59,49.599998,49.380001,49.450001,357157
GTO.AS,20180313,49.5,49.610001000000004,49.34,49.59,491301
GTO.AS,20180312,49.59,49.619999,49.5,49.5,302247
GTO.AS,20180309,49.599998,49.66,49.529999,49.540001000000004,377326
GTO.AS,20180308,49.68,49.77,49.5,49.5,403768
GTO.AS,20180307,49.700001,49.799999,49.689999,49.709998999999996,276578
GTO.AS,20180306,49.849998,49.900002,49.700001,49.810001,402412
GTO.AS,20180305,49.610001000000004,49.84,49.610001000000004,49.82,449499
GTO.AS,20180302,49.5,49.740002000000004,49.5,49.740002000000004,917206
GTO.AS,20180301,49.400002,49.490002000000004,49.27,49.490002000000004,517630
GTO.AS,20180228,49.32,49.450001,49.290001000000004,49.360001000000004,574311
GTO.AS,20180227,49.400002,49.490002000000004,49.34,49.439999,364509
GTO.AS,20180226,49.450001,49.509997999999996,49.349998,49.349998,468026
GTO.AS,20180223,49.400002,49.48,49.369999,49.400002,366972
GTO.AS,20180222,49.48,49.509997999999996,49.310001,49.400002,441659
GTO.AS,20180221,49.470001,49.540001000000004,49.41,49.48,512792
GTO.AS,20180220,49.549999,49.650002,49.439999,49.439999,513247
GTO.AS,20180219,49.549999,49.650002,49.540001000000004,49.599998,295920
GTO.AS,20180216,49.73,49.73,49.5,49.5,391627
GTO.AS,20180215,49.549999,49.75,49.549999,49.66,353589
GTO.AS,20180214,49.5,49.68,49.5,49.549999,498113
GTO.AS,20180213,49.52,49.560001,49.470001,49.560001,224442
GTO.AS,20180212,49.549999,49.599998,49.450001,49.52,367016
GTO.AS,20180209,49.560001,49.68,49.32,49.549999,834722
GTO.AS,20180208,49.68,49.82,49.549999,49.57,508718
GTO.AS,20180207,49.5,49.810001,49.439999,49.810001,605368
GTO.AS,20180206,49.549999,49.740002000000004,49.459998999999996,49.459998999999996,1088402
GTO.AS,20180205,49.619999,49.84,49.580002,49.84,471558
GTO.AS,20180202,49.639998999999996,49.740002000000004,49.509997999999996,49.689999,503535
GTO.AS,20180201,49.700001,49.880001,49.52,49.669998,585148
GTO.AS,20180131,49.619999,49.779999,49.540001000000004,49.77,595111
GTO.AS,20180130,49.57,49.68,49.509997999999996,49.630001,392338
GTO.AS,20180129,49.669998,49.669998,49.57,49.57,258333
GTO.AS,20180126,49.560001,49.689999,49.549999,49.619999,271490
GTO.AS,20180125,49.529999,49.599998,49.529999,49.599998,436903
GTO.AS,20180124,49.529999,49.599998,49.5,49.599998,367555
GTO.AS,20180123,49.619999,49.650002,49.5,49.509997999999996,563910
GTO.AS,20180122,49.509997999999996,49.619999,49.509997999999996,49.57,283196
GTO.AS,20180119,49.599998,49.650002,49.459998999999996,49.549999,563099
GTO.AS,20180118,49.549999,49.75,49.48,49.619999,734219
GTO.AS,20180117,49.549999,49.669998,49.52,49.630001,607342
GTO.AS,20180116,49.75,49.779999,49.549999,49.549999,565047
GTO.AS,20180115,49.599998,49.75,49.599998,49.75,290462
GTO.AS,20180112,49.57,49.720001,49.490002000000004,49.599998,670559
GTO.AS,20180111,49.529999,49.639998999999996,49.470001,49.639998999999996,694499
GTO.AS,20180110,49.5,49.59,49.450001,49.580002,759925
GTO.AS,20180109,49.529999,49.59,49.459998999999996,49.549999,656469
GTO.AS,20180108,49.5,49.599998,49.450001,49.490002000000004,641665
GTO.AS,20180105,49.540001000000004,49.650002,49.41,49.5,1002962
GTO.AS,20180104,49.619999,49.73,49.389998999999996,49.599998,987205
GTO.AS,20180103,49.599998,49.950001,49.41,49.5,862981
GTO.AS,20180102,49.41,49.709998999999996,49.34,49.59,725857
GTO.AS,20171229,49.34,49.5,49.330002,49.5,726293
GTO.AS,20171228,49.365002000000004,49.470001,49.334998999999996,49.400002,698359
GTO.AS,20171227,49.34,49.580002,49.314999,49.400002,662569
GTO.AS,20171222,49.400002,49.5,49.330002,49.330002,1177759
GTO.AS,20171221,49.400002,49.544998,49.380001,49.5,1367285
GTO.AS,20171220,49.395,49.514998999999996,49.355,49.494999,2274226
GTO.AS,20171219,49.52,49.544998,49.349998,49.349998,2685660
GTO.AS,20171218,49.77,49.950001,49.299999,49.465,6048162
GTO.AS,20171215,46.695,47.5,46.384997999999996,46.834998999999996,2919764
GTO.AS,20171214,47.0,48.200001,46.049999,46.900002,3334869
GTO.AS,20171213,45.599998,48.0,45.049999,47.0,4327044
GTO.AS,20171212,45.200001,45.900002,44.130001,45.605,14910428
GTO.AS,20171211,32.700001,34.060001,32.685001,33.889998999999996,1944069
GTO.AS,20171208,32.544998,32.759997999999996,32.139998999999996,32.465,879717
GTO.AS,20171207,32.799999,32.919998,32.119999,32.41,959821
GTO.AS,20171206,31.635,32.759997999999996,31.34,32.525002,1327209
GTO.AS,20171205,31.415001,32.035,30.950001,31.889999,1158790
GTO.AS,20171204,32.02,32.055,31.35,31.51,1097929
GTO.AS,20171201,31.870001000000002,32.459998999999996,31.635,31.68,1467779
GTO.AS,20171130,31.825001,32.610001000000004,31.26,31.915001,8648851
GTO.AS,20171129,32.685001,32.82,31.629998999999998,31.68,1359426
GTO.AS,20171128,31.799999,32.755001,31.584999,32.650002,1468842
GTO.AS,20171127,32.924999,32.924999,31.684998999999998,31.799999,1559863
GTO.AS,20171124,33.389998999999996,33.599998,32.84,32.84,880013
GTO.AS,20171123,33.279999,33.73,33.080002,33.389998999999996,1084583
GTO.AS,20171122,33.009997999999996,33.435001,32.575001,33.200001,1680862
GTO.AS,20171121,32.0,33.125,31.940001000000002,32.945,1431653
GTO.AS,20171120,32.200001,32.290001000000004,31.834999,31.945,1102538
GTO.AS,20171117,33.455002,33.455002,31.780001000000002,32.244999,1458131
GTO.AS,20171116,32.91,33.695,32.299999,33.400002,1161664
GTO.AS,20171115,32.025002,32.93,31.4,32.77,1874284
GTO.AS,20171114,32.27,32.75,31.735001,32.014998999999996,1695595
GTO.AS,20171113,32.799999,33.224998,32.025002,32.259997999999996,1149142
GTO.AS,20171110,34.16,34.200001,32.605,32.669998,2035414
GTO.AS,20171109,35.380001,35.380001,33.814999,34.154999,1803730
GTO.AS,20171108,34.200001,36.185001,34.195,35.189999,2912101
GTO.AS,20171107,34.349998,34.349998,33.360001000000004,33.459998999999996,1159059
GTO.AS,20171106,33.5,34.459998999999996,33.275002,34.205002,1225963
GTO.AS,20171103,34.505001,34.68,33.080002,33.395,1846692
GTO.AS,20171102,35.384997999999996,35.764998999999996,34.279999,34.419998,2254818
GTO.AS,20171101,34.724998,35.674999,34.360001000000004,35.384997999999996,2984666
GTO.AS,20171031,33.814999,34.009997999999996,33.27,33.98,1704486
GTO.AS,20171030,35.299999,35.939999,33.695,33.875,2648944
GTO.AS,20171027,34.150002,36.040001000000004,34.150002,34.810001,4817625
GTO.AS,20171026,31.43,32.169998,31.084999,32.145,1887246
GTO.AS,20171025,31.635,31.969998999999998,31.370001000000002,31.469998999999998,1139724
GTO.AS,20171024,32.205002,32.400002,31.445,31.705,979542
GTO.AS,20171023,32.775002,32.775002,32.02,32.235001000000004,1037259
GTO.AS,20171020,32.125,33.0,32.115002000000004,32.615002000000004,2432683
GTO.AS,20171019,31.1,32.040001000000004,30.895,31.9,1796049
GTO.AS,20171018,31.875,31.895,31.035,31.155001000000002,1897424
GTO.AS,20171017,31.955,32.165001000000004,31.48,31.885,1739841
GTO.AS,20171016,32.299999,32.794998,31.870001000000002,32.0,1968033
GTO.AS,20171013,32.950001,33.224998,32.0,32.105,2335668
GTO.AS,20171012,34.09,34.455002,32.900002,32.994999,2021729
GTO.AS,20171011,34.950001,35.330002,33.900002,34.02,2077114
GTO.AS,20171010,36.200001,36.200001,34.860001000000004,34.985001000000004,1390353
GTO.AS,20171009,36.299999,36.605,36.150002,36.205002,1039594
GTO.AS,20171006,35.400002,36.630001,35.255001,36.174999,1929924
GTO.AS,20171005,36.240002000000004,36.325001,35.625,35.654999,1641793
GTO.AS,20171004,37.264998999999996,37.264998999999996,36.200001,36.5,1515718
GTO.AS,20171003,37.700001,37.744999,36.895,37.040001000000004,1490452
GTO.AS,20171002,37.689999,38.0,37.25,37.599998,1343648
GTO.AS,20170929,38.209998999999996,38.415001000000004,37.540001000000004,37.794998,992693
GTO.AS,20170928,38.290001000000004,38.459998999999996,38.009997999999996,38.009997999999996,782542
GTO.AS,20170927,38.395,38.895,37.990002000000004,38.32,1087790
GTO.AS,20170926,39.095001,39.314999,38.325001,38.325001,1015321
GTO.AS,20170925,39.535,39.77,39.099998,39.154999,557470
GTO.AS,20170922,39.759997999999996,39.834998999999996,38.825001,39.465,917079
GTO.AS,20170921,40.540001000000004,40.549999,39.875,39.985001000000004,691656
GTO.AS,20170920,40.43,41.165001000000004,40.139998999999996,40.334998999999996,1100948
GTO.AS,20170919,40.355,40.695,39.950001,40.43,766423
GTO.AS,20170918,40.32,40.705002,40.27,40.305,917933
GTO.AS,20170915,40.705002,40.814999,39.974998,40.095001,1456735
GTO.AS,20170914,41.150002,41.540001000000004,40.494999,40.875,1055337
GTO.AS,20170913,41.375,41.514998999999996,40.950001,41.255001,828507
GTO.AS,20170912,41.555,41.900002,40.959998999999996,41.375,1136352
GTO.AS,20170911,40.0,41.720001,39.57,41.389998999999996,1639828
GTO.AS,20170908,39.474998,39.759997999999996,39.25,39.689999,663620
GTO.AS,20170907,39.450001,39.965,39.080002,39.650002,782324
GTO.AS,20170906,38.535,39.465,38.27,39.465,1051285
GTO.AS,20170905,38.16,39.400002,37.950001,38.740002000000004,2108035
GTO.AS,20170904,42.0,42.084998999999996,38.365002000000004,38.599998,3057286
GTO.AS,20170901,45.689999,46.0,42.169998,42.91,2335107
GTO.AS,20170831,45.150002,46.02,45.099998,45.395,936477
GTO.AS,20170830,44.959998999999996,45.400002,44.805,44.805,833247
GTO.AS,20170829,45.68,45.775002,44.044998,44.849998,1199885
GTO.AS,20170828,46.235001000000004,46.330002,45.695,46.25,703125
GTO.AS,20170825,46.625,47.445,46.345001,46.5,1146772
GTO.AS,20170824,45.34,47.009997999999996,44.895,46.855,1511685
GTO.AS,20170823,44.584998999999996,45.610001000000004,44.400002,45.529999,1190692
GTO.AS,20170822,44.189999,44.634997999999996,43.695,44.634997999999996,953007
GTO.AS,20170821,43.599998,44.09,43.259997999999996,44.09,973409
GTO.AS,20170818,44.200001,44.264998999999996,43.560001,43.740002000000004,491918
GTO.AS,20170817,44.799999,44.855,44.305,44.48,581442
GTO.AS,20170816,44.5,44.990002000000004,44.369999,44.790001000000004,764132
GTO.AS,20170815,43.470001,44.435001,43.439999,44.435001,740864
GTO.AS,20170814,43.400002,43.669998,43.165001000000004,43.305,467486
GTO.AS,20170811,43.349998,43.985001000000004,43.200001,43.200001,971203
GTO.AS,20170810,44.294998,44.349998,43.43,43.634997999999996,634606
GTO.AS,20170809,44.080002,44.43,43.52,44.43,756088
GTO.AS,20170808,43.605,44.395,43.52,44.32,760090
GTO.AS,20170807,43.869999,43.869999,43.25,43.665001000000004,503714
GTO.AS,20170804,43.205002,43.884997999999996,42.985001000000004,43.645,584956
GTO.AS,20170803,43.400002,43.400002,42.849998,43.174999,601764
GTO.AS,20170802,43.099998,43.669998,43.0,43.360001000000004,554179
GTO.AS,20170801,43.200001,43.25,42.650002,43.064999,714594
GTO.AS,20170731,43.200001,43.395,42.884997999999996,43.060001,769118
GTO.AS,20170728,44.605,44.605,43.16,43.43,1135302
GTO.AS,20170727,44.75,45.310001,44.25,44.720001,1500369
GTO.AS,20170726,43.5,44.744999,43.215,44.709998999999996,1262764
GTO.AS,20170725,43.599998,45.099998,42.794998,43.365002000000004,2755457
GTO.AS,20170724,47.75,47.75,43.970001,44.150002,5221012
GTO.AS,20170721,55.0,55.849998,54.68,55.0,660707
GTO.AS,20170720,55.5,55.689999,54.990002000000004,55.040001000000004,499921
GTO.AS,20170719,54.950001,55.299999,54.290001000000004,55.029999,402578
GTO.AS,20170718,54.950001,55.18,54.619999,54.689999,614835
GTO.AS,20170717,55.73,55.759997999999996,55.139998999999996,55.290001000000004,448091
GTO.AS,20170714,55.48,55.77,55.130001,55.59,455010
GTO.AS,20170713,55.610001000000004,55.830002,55.310001,55.34,510692
GTO.AS,20170712,55.099998,55.650002,54.880001,55.43,499867
GTO.AS,20170711,55.0,55.23,54.73,55.02,487191
GTO.AS,20170710,54.91,54.959998999999996,54.349998,54.790001000000004,463713
GTO.AS,20170707,54.619999,54.790001000000004,54.060001,54.790001000000004,398596
GTO.AS,20170706,55.130001,55.209998999999996,54.139998999999996,54.610001000000004,682575
GTO.AS,20170705,56.150002,56.389998999999996,54.630001,55.290001000000004,1033872
GTO.AS,20170704,54.380001,56.73,54.049999,56.02,1987310
GTO.AS,20170703,53.619999,55.59,53.5,54.310001,1627914
GTO.AS,20170630,52.549999,53.049999,52.27,52.549999,732255
GTO.AS,20170629,53.939999,54.27,52.380001,52.549999,742075
GTO.AS,20170628,53.369999,53.939999,52.540001000000004,53.610001000000004,972806
GTO.AS,20170627,53.75,54.18,53.119999,53.650002,608840
GTO.AS,20170626,55.330002,55.389998999999996,54.200001,54.290001000000004,478371
GTO.AS,20170623,54.950001,55.360001000000004,54.709998999999996,55.150002,417057
GTO.AS,20170622,54.849998,55.310001,54.52,55.25,538125
GTO.AS,20170621,54.540001000000004,54.93,53.43,54.77,708368
GTO.AS,20170620,55.5,55.869999,54.650002,54.650002,581155
GTO.AS,20170619,55.25,55.889998999999996,54.799999,55.360001000000004,973101
GTO.AS,20170616,54.540001000000004,55.369999,53.919998,55.25,1677383
GTO.AS,20170615,54.5,54.84,53.59,54.599998,1178479
GTO.AS,20170614,52.310001,55.0,52.240002000000004,54.650002,4366097
GTO.AS,20170613,51.540001000000004,52.369999,51.540001000000004,52.049999,581746
GTO.AS,20170612,51.599998,52.150002,51.419998,51.529999,745685
GTO.AS,20170609,51.93,52.529999,51.75,52.189999,460472
GTO.AS,20170608,51.599998,52.040001000000004,50.970001,51.93,524636
GTO.AS,20170607,51.84,52.0,51.02,51.360001000000004,821483
GTO.AS,20170606,52.509997999999996,52.509997999999996,51.779999,52.049999,649390
GTO.AS,20170605,52.75,53.34,52.389998999999996,52.389998999999996,499597
GTO.AS,20170602,53.509997999999996,53.68,52.59,52.75,681122
GTO.AS,20170601,53.009997999999996,53.59,52.919998,53.150002,474022
GTO.AS,20170531,53.049999,53.259997999999996,52.490002000000004,52.82,770224
GTO.AS,20170530,53.0,53.549999,52.610001000000004,53.110001000000004,514748
GTO.AS,20170529,52.619999,53.279999,52.619999,53.099998,344019
GTO.AS,20170526,53.029999,53.029999,52.07,52.639998999999996,730942
GTO.AS,20170525,53.34,53.34,52.470001,52.91,656593
GTO.AS,20170524,54.0,54.720001,53.029999,53.459998999999996,644671
GTO.AS,20170523,54.599998,55.110001000000004,53.759997999999996,53.959998999999996,1149924
GTO.AS,20170522,54.130001,54.990002000000004,53.57,54.900002,858518
GTO.AS,20170519,53.290001000000004,54.939999,52.959998999999996,54.650002,1342849
GTO.AS,20170518,52.549999,53.459998999999996,52.0,53.259997999999996,1347106
GTO.AS,20170517,53.799999,53.860001000000004,52.66,52.810001,823963
GTO.AS,20170516,52.950001,53.950001,52.93,53.799999,925224
GTO.AS,20170515,52.860001000000004,52.98,51.639998999999996,52.889998999999996,1105620
GTO.AS,20170512,52.5,53.060001,52.220001,53.0,963502
GTO.AS,20170511,53.57,53.75,51.580002,52.52,1182734
GTO.AS,20170510,55.490002000000004,55.689999,51.77,53.259997999999996,2169968
GTO.AS,20170509,56.049999,56.610001000000004,55.330002,55.5,1303499
GTO.AS,20170508,55.009997999999996,56.349998,54.66,56.009997999999996,1516705
GTO.AS,20170505,53.990002000000004,55.240002000000004,53.849998,54.790001000000004,1641092
GTO.AS,20170504,52.450001,54.630001,52.049999,54.0,1615777
GTO.AS,20170503,52.799999,52.84,51.5,52.150002,1284380
GTO.AS,20170502,51.41,52.77,49.705002,52.450001,2150256
GTO.AS,20170428,49.860001000000004,51.75,47.799999,51.419998,5346388
GTO.AS,20170427,54.759997999999996,56.5,54.759997999999996,55.400002,1097957
GTO.AS,20170426,54.700001,55.060001,54.419998,54.889998999999996,960435
GTO.AS,20170425,55.040001000000004,55.82,54.5,54.950001,791036
GTO.AS,20170424,56.099998,56.220001,54.43,55.32,922829
GTO.AS,20170421,55.720001,55.98,55.150002,55.209998999999996,678635
GTO.AS,20170420,55.25,56.259997999999996,55.09,55.860001000000004,872022
GTO.AS,20170419,55.139998999999996,57.220001,54.869999,55.549999,1288801
GTO.AS,20170418,56.869999,58.5,54.259997999999996,54.77,1894431
GTO.AS,20170413,56.279999,56.860001000000004,55.689999,56.5,901850
GTO.AS,20170412,56.41,57.209998999999996,55.759997999999996,56.48,1558808
GTO.AS,20170411,54.360001000000004,55.450001,53.84,55.25,1579785
GTO.AS,20170410,52.25,54.709998999999996,52.240002000000004,54.540001000000004,1266887
GTO.AS,20170407,51.990002000000004,52.200001,51.66,52.07,413906
GTO.AS,20170406,51.650002,52.07,51.299999,52.009997999999996,366130
GTO.AS,20170405,52.02,52.029999,51.060001,51.700001,484878
GTO.AS,20170404,51.990002000000004,52.75,51.880001,52.0,427350
GTO.AS,20170403,52.5,52.970001,51.939999,51.939999,707276
GTO.AS,20170331,51.450001,52.5,51.169998,52.380001,634373
GTO.AS,20170330,50.939999,51.41,50.32,51.41,613451
GTO.AS,20170329,50.150002,50.75,49.73,50.75,693249
GTO.AS,20170328,50.0,50.849998,49.299999,50.139998999999996,1073794
GTO.AS,20170327,49.799999,49.849998,49.02,49.220001,781423
GTO.AS,20170324,50.5,50.869999,49.705002,49.990002000000004,859514
GTO.AS,20170323,51.560001,51.599998,49.52,50.400002,1949722
GTO.AS,20170322,50.0,53.470001,48.584998999999996,52.400002,3999869
GTO.AS,20170321,63.27,63.27,62.32,63.200001,429488
GTO.AS,20170320,63.310001,63.709998999999996,63.029999,63.240002000000004,364698
GTO.AS,20170317,61.799999,63.810001,61.77,63.389998999999996,773676
GTO.AS,20170316,61.5,61.720001,61.220001,61.57,372435
GTO.AS,20170315,61.900002,61.950001,60.939999,61.139998999999996,484570
GTO.AS,20170314,62.0,62.259997999999996,61.75,61.950001,307216
GTO.AS,20170313,61.669998,62.439999,61.5,62.040001000000004,335378
GTO.AS,20170310,61.450001,62.060001,61.060001,61.709998999999996,406438
GTO.AS,20170309,60.759997999999996,61.720001,60.650002,61.43,397454
GTO.AS,20170308,60.720001,61.720001,60.669998,60.799999,364683
GTO.AS,20170307,61.009997999999996,62.049999,60.950001,61.330002,620211
GTO.AS,20170306,61.299999,61.619999,60.400002,60.779999,525722
GTO.AS,20170303,60.0,62.189999,59.5,61.73,1498124
GTO.AS,20170302,56.75,57.580002,56.57,57.290001000000004,510805
GTO.AS,20170301,56.98,57.529999,56.439999,56.450001,473828
GTO.AS,20170228,56.459998999999996,57.009997999999996,55.98,56.810001,425607
GTO.AS,20170227,56.349998,56.490002000000004,56.040001000000004,56.240002000000004,235618
GTO.AS,20170224,56.389998999999996,56.48,55.650002,56.23,292749
GTO.AS,20170223,56.400002,56.650002,56.049999,56.279999,296569
GTO.AS,20170222,57.34,57.720001,55.810001,56.610001000000004,474337
GTO.AS,20170221,55.650002,58.049999,55.540001000000004,56.900002,693356
GTO.AS,20170220,55.450001,55.450001,55.009997999999996,55.279999,265292
GTO.AS,20170217,55.049999,55.330002,54.759997999999996,55.130001,359986
GTO.AS,20170216,54.549999,55.09,54.369999,54.93,320978
GTO.AS,20170215,54.740002000000004,54.950001,54.32,54.43,316810
GTO.AS,20170214,54.889998999999996,55.009997999999996,54.549999,54.689999,230352
GTO.AS,20170213,54.400002,55.080002,54.380001,54.860001000000004,267104
GTO.AS,20170210,54.400002,54.73,54.209998999999996,54.459998999999996,234383
GTO.AS,20170209,52.849998,54.23,52.849998,54.169998,328664
GTO.AS,20170208,53.16,53.400002,52.82,52.889998999999996,388226
GTO.AS,20170207,53.150002,53.529999,52.970001,53.27,300628
GTO.AS,20170206,53.77,53.880001,52.73,52.950001,371158
GTO.AS,20170203,54.110001000000004,54.580002,53.709998999999996,53.779999,352422
GTO.AS,20170202,54.23,54.310001,53.810001,54.25,356341
GTO.AS,20170201,54.0,54.299999,53.950001,54.139998999999996,287258
GTO.AS,20170131,53.98,54.639998999999996,53.759997999999996,53.759997999999996,477072
GTO.AS,20170130,54.220001,54.360001000000004,53.610001000000004,53.959998999999996,352428
GTO.AS,20170127,54.25,54.48,53.98,54.330002,341155
GTO.AS,20170126,53.790001000000004,54.32,53.57,54.240002000000004,380610
GTO.AS,20170125,52.5,53.450001,52.459998999999996,53.389998999999996,410836
GTO.AS,20170124,52.549999,52.549999,51.959998999999996,52.209998999999996,306143
GTO.AS,20170123,52.82,53.130001,52.18,52.200001,403564
GTO.AS,20170120,53.0,53.200001,52.5,53.0,483444
GTO.AS,20170119,54.0,54.02,52.450001,53.139998999999996,692047
GTO.AS,20170118,55.25,55.720001,54.75,54.950001,317066
GTO.AS,20170117,54.75,55.099998,54.5,55.040001000000004,248108
GTO.AS,20170116,55.119999,55.68,54.82,54.880001,231009
GTO.AS,20170113,55.5,55.639998999999996,55.080002,55.32,206330
GTO.AS,20170112,55.790001000000004,55.869999,55.189999,55.310001,310790
GTO.AS,20170111,55.48,56.459998999999996,55.369999,55.84,371499
GTO.AS,20170110,55.43,56.330002,55.25,55.439999,382450
GTO.AS,20170109,55.66,55.82,54.75,55.240002000000004,308908
GTO.AS,20170106,54.810001,55.880001,54.810001,55.509997999999996,411793
GTO.AS,20170105,55.369999,55.57,54.720001,55.380001,360018
GTO.AS,20170104,55.5,55.700001,55.299999,55.610001000000004,291263
GTO.AS,20170103,55.529999,55.700001,54.779999,55.290001000000004,325752
GTO.AS,20170102,54.650002,55.830002,54.650002,55.34,180164
GTO.AS,20161230,54.919998,55.77,54.880001,54.919998,290154
GTO.AS,20161229,54.5,55.130001,54.400002,54.98,158670
GTO.AS,20161228,55.5,55.709998999999996,54.73,54.849998,314634
GTO.AS,20161227,54.939999,55.529999,54.939999,55.419998,224665
GTO.AS,20161223,54.549999,55.299999,54.419998,55.040001000000004,276815
GTO.AS,20161222,55.27,55.27,54.099998,54.57,395655
GTO.AS,20161221,54.880001,55.369999,54.740002000000004,55.369999,267814
GTO.AS,20161220,55.34,55.400002,54.860001000000004,54.990002000000004,301262
GTO.AS,20161219,54.900002,55.279999,54.799999,55.200001,327960
GTO.AS,20161216,54.439999,55.240002000000004,54.32,54.900002,614209
GTO.AS,20161215,54.619999,55.07,54.09,54.549999,547456
GTO.AS,20161214,53.57,55.389998999999996,53.349998,54.540001000000004,675980
GTO.AS,20161213,53.630001,54.380001,53.080002,53.470001,536571
GTO.AS,20161212,53.349998,54.93,53.18,53.299999,992839
GTO.AS,20161209,51.139998999999996,54.0,50.5,52.310001,1999278
GTO.AS,20161208,49.720001,49.935001,48.779999,49.235001000000004,517066
GTO.AS,20161207,49.355,49.665001000000004,49.025002,49.474998,656872
GTO.AS,20161206,48.25,49.349998,47.950001,48.945,702256
GTO.AS,20161205,46.98,48.040001000000004,46.650002,47.994999,341109
GTO.AS,20161202,47.290001000000004,47.5,46.529999,47.075001,376735
GTO.AS,20161201,47.799999,48.029999,47.455002,47.66,408309
GTO.AS,20161130,49.029999,49.349998,48.0,48.119999,689543
GTO.AS,20161129,49.27,49.465,48.544998,48.950001,489025
GTO.AS,20161128,48.25,50.5,48.115002000000004,49.27,716758
GTO.AS,20161125,48.450001,48.73,48.110001000000004,48.314999,317461
GTO.AS,20161124,48.099998,48.689999,47.900002,48.525002,337047
GTO.AS,20161123,48.32,48.860001000000004,47.875,48.119999,229455
GTO.AS,20161122,48.75,48.794998,47.59,48.389998999999996,411477
GTO.AS,20161121,49.029999,49.145,48.040001000000004,48.384997999999996,337181
GTO.AS,20161118,47.5,50.490002000000004,47.395,48.689999,814554
GTO.AS,20161117,47.0,47.369999,46.849998,47.264998999999996,528101
GTO.AS,20161116,47.16,47.435001,46.900002,46.98,400185
GTO.AS,20161115,47.099998,47.200001,46.73,46.990002000000004,433206
GTO.AS,20161114,47.5,47.75,47.0,47.005001,481550
GTO.AS,20161111,47.610001000000004,47.674999,46.849998,47.084998999999996,400296
GTO.AS,20161110,48.400002,49.419998,47.299999,47.41,712213
GTO.AS,20161109,46.994999,48.290001000000004,46.759997999999996,48.255001,522757
GTO.AS,20161108,48.049999,48.900002,47.715,48.415001000000004,679473
GTO.AS,20161107,48.419998,48.740002000000004,47.865002000000004,48.105,354220
GTO.AS,20161104,47.955002,48.200001,47.314999,48.040001000000004,567995
GTO.AS,20161103,48.0,48.355,47.900002,48.084998999999996,521246
GTO.AS,20161102,48.439999,48.834998999999996,47.939999,48.325001,497496
GTO.AS,20161101,49.244999,49.650002,48.365002000000004,48.665001000000004,596360
GTO.AS,20161031,52.240002000000004,52.349998,49.154999,49.535,1483095
GTO.AS,20161028,50.040001000000004,52.349998,46.900002,52.349998,2742789
GTO.AS,20161027,55.849998,56.5,55.040001000000004,56.34,380842
GTO.AS,20161026,55.709998999999996,55.91,54.73,55.700001,412982
GTO.AS,20161025,55.77,56.279999,55.330002,55.470001,221281
GTO.AS,20161024,55.919998,56.18,55.599998,55.740002000000004,250964
GTO.AS,20161021,55.82,56.419998,55.619999,55.700001,362279
GTO.AS,20161020,56.200001,56.209998999999996,55.0,55.59,484342
GTO.AS,20161019,56.77,56.77,55.82,56.220001,414760
GTO.AS,20161018,55.73,57.599998,55.73,56.73,489341
GTO.AS,20161017,56.23,56.630001,55.279999,55.290001000000004,388468
GTO.AS,20161014,55.91,56.400002,55.709998999999996,56.119999,409915
GTO.AS,20161013,55.41,55.75,54.849998,55.75,297981
GTO.AS,20161012,55.740002000000004,55.919998,55.470001,55.560001,191896
GTO.AS,20161011,56.240002000000004,56.240002000000004,55.75,55.900002,218598
GTO.AS,20161010,55.869999,56.330002,55.650002,56.139998999999996,190504
GTO.AS,20161007,56.959998999999996,57.029999,55.650002,55.779999,325919
GTO.AS,20161006,57.18,57.490002000000004,56.990002000000004,56.990002000000004,313820
GTO.AS,20161005,57.189999,57.400002,56.610001000000004,57.09,289288
GTO.AS,20161004,56.439999,57.93,56.439999,57.48,434457
GTO.AS,20161003,56.630001,57.279999,56.139998999999996,56.349998,408653
GTO.AS,20160930,56.27,57.619999,55.439999,57.080002,649784
GTO.AS,20160929,60.169998,60.389998999999996,55.75,56.849998,1082600
GTO.AS,20160928,59.169998,59.869999,59.169998,59.689999,255853
GTO.AS,20160927,61.689999,61.799999,57.849998,59.080002,709387
GTO.AS,20160926,62.290001000000004,62.290001000000004,61.650002,62.169998,220680
GTO.AS,20160923,62.830002,63.0,62.32,62.59,390928
GTO.AS,20160922,63.959998999999996,64.199997,63.02,63.099998,370772
GTO.AS,20160921,63.599998,64.08000200000001,63.599998,63.810001,230952
GTO.AS,20160920,63.380001,63.619999,63.040001000000004,63.07,208937
GTO.AS,20160919,62.799999,63.93,62.599998,63.5,197148
GTO.AS,20160916,63.650002,63.889998999999996,61.419998,62.669998,634062
GTO.AS,20160915,63.09,64.040001,63.080002,63.869999,305564
GTO.AS,20160914,63.23,63.439999,62.950001,63.09,286375
GTO.AS,20160913,63.279999,63.720001,62.93,63.029999,278998
GTO.AS,20160912,62.799999,63.18,62.09,63.18,313339
GTO.AS,20160909,63.779999,63.830002,63.389998999999996,63.669998,216320
GTO.AS,20160908,63.389998999999996,63.98,63.240002000000004,63.98,399606
GTO.AS,20160907,63.169998,63.459998999999996,62.830002,63.400002,281593
GTO.AS,20160906,62.860001000000004,63.560001,62.09,63.119999,415963
GTO.AS,20160905,63.599998,64.220001,63.16,63.360001000000004,303134
GTO.AS,20160902,63.049999,63.93,62.580002,63.48,457103
GTO.AS,20160901,62.799999,63.5,62.18,63.009997999999996,466273
GTO.AS,20160831,62.470001,63.900002,61.689999,62.450001,586826
GTO.AS,20160830,61.52,63.0,61.52,62.630001,469322
GTO.AS,20160829,61.799999,62.23,60.59,61.310001,253876
GTO.AS,20160826,60.169998,62.700001,59.900002,62.0,947363
GTO.AS,20160825,59.0,59.099998,58.0,58.209998999999996,384206
GTO.AS,20160824,58.84,59.650002,58.529999,59.389998999999996,345232
GTO.AS,20160823,58.619999,59.57,58.560001,59.119999,342574
GTO.AS,20160822,56.799999,58.66,56.709998999999996,58.470001,452894
GTO.AS,20160819,56.41,56.810001,55.830002,56.700001,302836
GTO.AS,20160818,54.689999,56.639998999999996,54.689999,56.529999,309102
GTO.AS,20160817,55.529999,55.639998999999996,54.599998,54.599998,216703
GTO.AS,20160816,55.23,55.75,55.23,55.490002000000004,239245
GTO.AS,20160815,54.799999,55.560001,54.43,55.509997999999996,217232
GTO.AS,20160812,54.709998999999996,55.27,54.66,54.830002,283444
GTO.AS,20160811,54.52,54.84,53.82,54.84,236126
GTO.AS,20160810,54.259997999999996,54.700001,54.18,54.32,203920
GTO.AS,20160809,54.150002,54.470001,53.48,54.400002,307188
GTO.AS,20160808,53.990002000000004,54.599998,53.900002,54.299999,272012
GTO.AS,20160805,55.619999,55.91,53.810001,53.990002000000004,393683
GTO.AS,20160804,55.240002000000004,56.169998,55.119999,55.66,270140
GTO.AS,20160803,55.580002,55.669998,54.580002,55.029999,348334
GTO.AS,20160802,57.650002,57.810001,55.599998,55.669998,347396
GTO.AS,20160801,59.139998999999996,59.470001,56.07,58.0,413709
GTO.AS,20160729,58.73,58.990002000000004,58.299999,58.970001,234371
GTO.AS,20160728,58.450001,59.540001000000004,58.16,58.369999,262909
GTO.AS,20160727,58.919998,59.009997999999996,57.0,58.279999,326928
GTO.AS,20160726,59.25,59.43,58.52,58.84,218711
GTO.AS,20160725,58.599998,59.18,58.580002,59.110001000000004,255944
GTO.AS,20160722,58.0,58.849998,57.75,58.700001,245377
GTO.AS,20160721,58.259997999999996,58.860001000000004,57.950001,58.009997999999996,313429
GTO.AS,20160720,56.799999,58.25,56.59,58.150002,242400
GTO.AS,20160719,56.889998999999996,57.5,56.529999,56.560001,254261
GTO.AS,20160718,56.709998999999996,57.389998999999996,56.549999,57.150002,219354
GTO.AS,20160715,56.869999,57.209998999999996,56.48,56.610001000000004,340791
GTO.AS,20160714,56.799999,57.27,56.540001000000004,57.189999,321402
GTO.AS,20160713,57.349998,57.650002,56.09,56.240002000000004,408615
GTO.AS,20160712,55.889998999999996,56.52,55.720001,56.110001000000004,189368
GTO.AS,20160711,54.959998999999996,55.900002,54.959998999999996,55.619999,255907
GTO.AS,20160708,53.68,55.009997999999996,53.610001000000004,54.560001,238689
GTO.AS,20160707,53.43,54.549999,53.32,53.759997999999996,288923
GTO.AS,20160706,53.98,53.98,52.34,53.02,427982
GTO.AS,20160705,54.799999,55.23,54.110001000000004,54.150002,322632
GTO.AS,20160704,55.900002,56.099998,54.950001,55.23,236054
GTO.AS,20160701,55.0,55.889998999999996,54.84,55.869999,506734
GTO.AS,20160630,54.0,54.889998999999996,53.720001,54.790001000000004,501265
GTO.AS,20160629,52.0,54.459998999999996,51.889998999999996,54.43,482387
GTO.AS,20160628,50.869999,51.59,50.400002,51.459998999999996,399807
GTO.AS,20160627,51.950001,52.27,49.035,49.779999,600640
GTO.AS,20160624,50.57,53.27,50.0,52.540001000000004,607897
GTO.AS,20160623,53.200001,53.689999,52.950001,53.68,552118
GTO.AS,20160622,53.330002,53.549999,52.869999,52.869999,393748
GTO.AS,20160621,53.209998999999996,53.509997999999996,53.07,53.16,311490
GTO.AS,20160620,53.23,53.400002,52.84,53.099998,427858
GTO.AS,20160617,52.830002,52.939999,52.099998,52.560001,659588
GTO.AS,20160616,52.200001,53.16,51.959998999999996,52.509997999999996,658713
GTO.AS,20160615,52.470001,53.610001000000004,51.93,51.93,447031
GTO.AS,20160614,52.0,52.66,51.360001000000004,51.689999,357504
GTO.AS,20160613,52.560001,52.639998999999996,51.919998,52.299999,361025
GTO.AS,20160610,54.16,54.220001,52.700001,52.93,269792
GTO.AS,20160609,54.57,54.59,53.5,54.41,321729
GTO.AS,20160608,53.73,54.700001,53.299999,54.549999,487042
GTO.AS,20160607,55.700001,55.700001,54.77,55.32,417194
GTO.AS,20160606,55.279999,55.669998,54.810001,55.580002,182915
GTO.AS,20160603,56.450001,56.740002000000004,55.119999,55.299999,225559
GTO.AS,20160602,55.150002,56.639998999999996,55.049999,56.27,302736
GTO.AS,20160601,55.200001,55.200001,54.529999,54.919998,279031
GTO.AS,20160531,55.41,55.509997999999996,54.720001,54.93,375253
GTO.AS,20160530,56.110001000000004,56.189999,55.259997999999996,55.509997999999996,182262
GTO.AS,20160527,55.959998999999996,56.779999,55.639998999999996,55.900002,366930
GTO.AS,20160526,55.509997999999996,56.150002,55.299999,55.919998,216451
GTO.AS,20160525,55.130001,55.669998,54.790001000000004,55.5,181297
GTO.AS,20160524,53.630001,54.880001,53.310001,54.66,270476
GTO.AS,20160523,54.290001000000004,54.689999,53.810001,54.07,271870
GTO.AS,20160520,53.639998999999996,54.119999,53.470001,54.119999,282753
GTO.AS,20160519,53.580002,54.16,53.209998999999996,53.34,281799
GTO.AS,20160518,53.93,54.549999,52.93,53.830002,290223
GTO.AS,20160517,54.560001,54.889998999999996,53.970001,54.240002000000004,241038
GTO.AS,20160516,55.060001,55.060001,53.669998,54.299999,206712
GTO.AS,20160513,53.599998,55.650002,53.299999,55.139998999999996,640740
GTO.AS,20160512,56.990002000000004,56.990002000000004,51.700001,53.049999,1022007
GTO.AS,20160511,57.369999,57.490002000000004,56.459998999999996,57.240002000000004,217809
GTO.AS,20160510,56.75,57.52,56.5,57.23,311536
GTO.AS,20160509,55.82,56.84,55.540001000000004,56.150002,211694
GTO.AS,20160506,55.490002000000004,55.75,54.950001,55.509997999999996,343754
GTO.AS,20160505,55.900002,56.0,55.299999,55.529999,239119
GTO.AS,20160504,55.900002,56.09,54.830002,55.439999,411435
GTO.AS,20160503,57.240002000000004,57.240002000000004,55.599998,55.91,485282
GTO.AS,20160502,57.279999,57.400002,56.279999,57.169998,328016
GTO.AS,20160429,60.25,60.549999,54.23,56.799999,1220773
GTO.AS,20160428,59.0,60.080002,58.25,59.880001,404456
GTO.AS,20160427,58.32,59.060001,58.049999,58.860001000000004,267653
GTO.AS,20160426,58.5,58.82,58.0,58.200001,236557
GTO.AS,20160425,58.200001,58.91,58.099998,58.5,393447
GTO.AS,20160422,57.93,58.209998999999996,57.599998,58.009997999999996,352698
GTO.AS,20160421,58.209998999999996,58.529999,57.650002,58.240002000000004,253515
GTO.AS,20160420,58.950001,59.029999,58.0,58.150002,349791
GTO.AS,20160419,57.849998,59.189999,57.799999,59.0,376437
GTO.AS,20160418,57.259997999999996,58.18,57.0,57.759997999999996,268957
GTO.AS,20160415,58.700001,58.700001,57.459998999999996,57.669998,625087
GTO.AS,20160414,60.5,60.830002,58.450001,58.91,432064
GTO.AS,20160413,59.16,60.189999,58.439999,60.189999,548065
GTO.AS,20160412,58.900002,58.900002,58.189999,58.48,413704
GTO.AS,20160411,58.5,59.810001,57.599998,58.650002,748597
GTO.AS,20160408,60.369999,60.810001,59.689999,60.470001,294438
GTO.AS,20160407,61.5,61.700001,60.259997999999996,60.490002000000004,295789
GTO.AS,20160406,60.610001000000004,61.610001000000004,59.700001,61.32,348846
GTO.AS,20160405,62.650002,62.720001,60.099998,60.130001,732795
GTO.AS,20160404,63.59,64.269997,62.91,63.459998999999996,342444
GTO.AS,20160401,64.440002,64.440002,62.529999,63.650002,393583
GTO.AS,20160331,65.25,65.75,64.650002,64.970001,348212
GTO.AS,20160330,64.379997,65.879997,64.33000200000001,65.449997,395312
GTO.AS,20160329,63.209998999999996,64.18,63.209998999999996,63.959998999999996,309892
GTO.AS,20160324,64.370003,64.529999,62.919998,63.18,177243
GTO.AS,20160323,63.450001,65.059998,63.450001,64.510002,351313
GTO.AS,20160322,62.93,63.869999,62.130001,63.330002,371455
GTO.AS,20160321,63.82,64.33000200000001,62.529999,63.0,362806
GTO.AS,20160318,63.599998,64.370003,63.400002,63.990002000000004,524539
GTO.AS,20160317,64.110001,64.599998,62.98,63.580002,434329
GTO.AS,20160316,63.529999,64.08000200000001,63.139998999999996,63.919998,373506
GTO.AS,20160315,63.709998999999996,64.459999,62.84,63.27,525650
GTO.AS,20160314,65.449997,65.599998,63.919998,64.010002,660343
GTO.AS,20160311,65.900002,66.510002,64.41999799999999,65.309998,429352
GTO.AS,20160310,65.660004,66.870003,65.290001,65.459999,669438
GTO.AS,20160309,65.0,65.620003,64.660004,65.410004,360718
GTO.AS,20160308,65.0,65.66999799999999,64.519997,64.839996,481465
GTO.AS,20160307,63.869999,66.0,63.25,65.0,703585
GTO.AS,20160304,62.049999,66.75,62.049999,64.480003,1579686
GTO.AS,20160303,58.900002,59.650002,58.759997999999996,59.09,385123
GTO.AS,20160302,59.23,59.639998999999996,58.27,58.939999,316399
GTO.AS,20160301,58.580002,59.119999,58.209998999999996,58.82,369871
GTO.AS,20160229,56.75,58.57,56.75,58.57,388762
GTO.AS,20160226,55.200001,57.369999,55.07,57.0,394730
GTO.AS,20160225,56.490002000000004,56.860001000000004,54.91,55.07,379498
GTO.AS,20160224,57.82,57.82,55.759997999999996,56.290001000000004,464893
GTO.AS,20160223,57.209998999999996,57.939999,56.810001,57.75,404782
GTO.AS,20160222,56.599998,57.25,55.91,57.25,411270
GTO.AS,20160219,55.650002,56.439999,55.529999,56.27,360736
GTO.AS,20160218,55.299999,56.200001,55.110001000000004,56.0,346723
GTO.AS,20160217,54.389998999999996,54.880001,53.73,54.880001,354735
GTO.AS,20160216,53.099998,53.419998,52.630001,53.419998,250364
GTO.AS,20160215,52.07,53.189999,51.889998999999996,52.830002,262302
GTO.AS,20160212,50.630001,51.279999,50.41,51.259997999999996,409879
GTO.AS,20160211,52.68,52.68,50.5,50.5,453282
GTO.AS,20160210,53.41,53.599998,52.450001,52.900002,517863
GTO.AS,20160209,52.610001000000004,52.919998,51.220001,52.860001000000004,522831
GTO.AS,20160208,54.84,54.91,52.299999,52.630001,450611
GTO.AS,20160205,55.040001000000004,55.34,54.630001,54.740002000000004,435204
GTO.AS,20160204,55.259997999999996,55.75,54.799999,55.049999,489718
GTO.AS,20160203,55.18,56.02,54.369999,54.830002,542077
GTO.AS,20160202,54.77,55.169998,53.939999,55.110001000000004,369789
GTO.AS,20160201,55.34,55.5,54.080002,54.82,439198
GTO.AS,20160129,55.299999,55.75,54.610001000000004,55.360001000000004,493875
GTO.AS,20160128,55.900002,55.900002,54.540001000000004,54.830002,411014
GTO.AS,20160127,56.650002,57.080002,55.439999,55.869999,374523
GTO.AS,20160126,57.75,57.75,56.200001,56.610001000000004,617732
GTO.AS,20160125,59.599998,59.779999,58.029999,58.25,438257
GTO.AS,20160122,58.700001,59.669998,58.490002000000004,59.130001,573095
GTO.AS,20160121,56.220001,58.189999,55.57,57.66,644708
GTO.AS,20160120,55.400002,56.009997999999996,55.099998,55.959998999999996,773569
GTO.AS,20160119,55.450001,56.560001,55.200001,56.419998,478129
GTO.AS,20160118,55.099998,56.060001,54.439999,54.439999,298798
GTO.AS,20160115,56.299999,57.27,54.32,55.060001,680061
GTO.AS,20160114,57.349998,57.5,56.009997999999996,56.639998999999996,663941
GTO.AS,20160113,55.799999,58.299999,55.150002,57.759997999999996,872560
GTO.AS,20160112,51.200001,56.450001,50.959998999999996,55.150002,1453968
GTO.AS,20160111,50.5,51.490002000000004,50.349998,50.709998999999996,455802
GTO.AS,20160108,51.41,52.049999,50.150002,50.580002,461157
GTO.AS,20160107,51.18,51.66,50.799999,51.400002,436861
GTO.AS,20160106,54.09,54.09,51.759997999999996,52.27,427482
GTO.AS,20160105,54.349998,54.509997999999996,53.509997999999996,53.849998,246411
GTO.AS,20160104,54.990002000000004,54.990002000000004,53.209998999999996,53.75,323782
GTO.AS,20151230,55.75,56.16,55.34,55.950001,211059
GTO.AS,20151229,55.970001,55.970001,55.52,55.830002,229075
GTO.AS,20151228,56.200001,56.59,55.380001,55.529999,202303
GTO.AS,20151224,55.880001,56.099998,55.619999,56.02,64640
GTO.AS,20151223,54.639998999999996,56.0,54.639998999999996,55.810001,370662
GTO.AS,20151222,53.959998999999996,54.919998,53.82,54.290001000000004,421212
GTO.AS,20151221,53.599998,54.049999,53.139998999999996,53.450001,301276
GTO.AS,20151218,53.099998,53.599998,52.34,53.599998,631144
GTO.AS,20151217,53.880001,54.049999,53.290001000000004,53.43,461510
GTO.AS,20151216,53.200001,53.580002,52.779999,53.040001000000004,421491
GTO.AS,20151215,53.389998999999996,53.450001,52.830002,53.150002,486233
GTO.AS,20151214,54.610001000000004,54.82,52.810001,52.849998,417535
GTO.AS,20151211,55.09,55.130001,53.950001,54.34,347946
GTO.AS,20151210,55.689999,56.150002,54.849998,55.09,323650
GTO.AS,20151209,55.889998999999996,56.48,55.830002,55.889998999999996,369612
GTO.AS,20151208,57.299999,57.75,55.869999,55.889998999999996,421085
GTO.AS,20151207,57.610001000000004,57.610001000000004,57.169998,57.23,301962
GTO.AS,20151204,58.220001,58.220001,57.029999,57.23,345168
GTO.AS,20151203,59.849998,60.09,58.049999,58.09,430022
GTO.AS,20151202,60.07,60.27,59.52,59.799999,291074
GTO.AS,20151201,60.009997999999996,60.18,59.740002000000004,60.060001,254608
GTO.AS,20151130,59.849998,60.110001000000004,59.380001,59.720001,417061
GTO.AS,20151127,58.450001,60.07,58.299999,59.669998,267299
GTO.AS,20151126,58.380001,58.700001,57.919998,58.599998,226352
GTO.AS,20151125,57.0,58.619999,56.740002000000004,58.27,402924
GTO.AS,20151124,57.77,57.950001,56.779999,56.849998,303114
GTO.AS,20151123,57.41,58.049999,57.150002,57.66,250448
GTO.AS,20151120,57.880001,58.240002000000004,57.09,57.41,390885
GTO.AS,20151119,58.650002,59.200001,57.639998999999996,57.799999,427449
GTO.AS,20151118,58.630001,58.630001,58.119999,58.509997999999996,246688
GTO.AS,20151117,58.349998,58.68,57.82,58.5,345202
GTO.AS,20151116,57.93,58.23,57.27,57.720001,258296
GTO.AS,20151113,59.91,60.189999,58.07,58.509997999999996,390530
GTO.AS,20151112,59.720001,60.220001,59.57,60.139998999999996,346604
GTO.AS,20151111,59.549999,60.369999,59.43,60.279999,203611
GTO.AS,20151110,60.48,60.700001,59.16,59.369999,294524
GTO.AS,20151109,60.82,60.950001,60.150002,60.369999,292903
GTO.AS,20151106,60.049999,60.82,59.700001,60.529999,586882
GTO.AS,20151105,60.119999,60.16,59.509997999999996,59.799999,437607
GTO.AS,20151104,59.259997999999996,60.080002,58.889998999999996,59.889998999999996,520898
GTO.AS,20151103,58.970001,59.029999,58.169998,59.029999,416029
GTO.AS,20151102,56.98,58.869999,56.959998999999996,58.869999,641369
GTO.AS,20151030,57.130001,57.23,56.240002000000004,57.049999,649235
GTO.AS,20151029,58.740002000000004,59.040001000000004,54.259997999999996,57.0,1593497
GTO.AS,20151028,61.200001,62.150002,61.02,61.259997999999996,265530
GTO.AS,20151027,63.0,63.0,61.25,61.25,271345
GTO.AS,20151026,63.23,63.490002000000004,62.810001,63.07,318211
GTO.AS,20151023,62.560001,63.209998999999996,62.400002,63.209998999999996,274977
GTO.AS,20151022,61.669998,62.299999,61.560001,62.060001,262227
GTO.AS,20151021,61.599998,61.98,60.799999,61.560001,231343
GTO.AS,20151020,62.200001,62.290001000000004,60.860001000000004,61.380001,294231
GTO.AS,20151019,60.470001,62.470001,60.450001,62.220001,320509
GTO.AS,20151016,60.990002000000004,61.360001000000004,59.959998999999996,60.400002,302962
GTO.AS,20151015,61.009997999999996,61.189999,60.18,60.689999,303097
GTO.AS,20151014,59.529999,60.77,59.27,60.529999,239483
GTO.AS,20151013,60.52,61.130001,59.380001,59.849998,266715
GTO.AS,20151012,60.57,60.580002,59.799999,60.220001,231364
GTO.AS,20151009,60.700001,60.880001,59.360001000000004,60.360001000000004,299080
GTO.AS,20151008,59.82,61.18,59.599998,60.349998,356913
GTO.AS,20151007,60.23,60.23,58.950001,59.639998999999996,442331
GTO.AS,20151006,58.939999,60.75,58.59,59.720001,415622
GTO.AS,20151005,57.610001000000004,58.849998,57.389998999999996,58.759997999999996,337644
GTO.AS,20151002,57.549999,57.740002000000004,56.34,57.02,247485
GTO.AS,20151001,58.610001000000004,58.700001,56.790001000000004,56.959998999999996,295240
GTO.AS,20150930,57.880001,58.310001,57.5,58.009997999999996,512624
GTO.AS,20150929,56.060001,57.360001000000004,55.799999,56.959998999999996,278742
GTO.AS,20150928,58.02,58.18,56.439999,56.59,384279
GTO.AS,20150925,58.279999,58.41,57.700001,58.080002,525819
GTO.AS,20150924,59.099998,59.099998,57.09,57.650002,492995
GTO.AS,20150923,59.77,60.349998,59.130001,59.130001,362043
GTO.AS,20150922,59.189999,60.27,59.0,59.799999,639221
GTO.AS,20150921,59.919998,60.200001,58.73,59.34,362918
GTO.AS,20150918,59.310001,60.23,58.610001000000004,59.919998,767836
GTO.AS,20150917,58.720001,59.700001,58.68,59.450001,350908
GTO.AS,20150916,58.73,59.099998,58.169998,58.450001,251128
GTO.AS,20150915,58.0,58.549999,57.34,58.450001,392370
GTO.AS,20150914,58.529999,58.529999,57.119999,57.73,924150
GTO.AS,20150911,60.209998999999996,60.59,59.220001,59.34,474815
GTO.AS,20150910,59.740002000000004,60.580002,59.330002,59.939999,561440
GTO.AS,20150909,61.0,61.490002000000004,59.869999,60.02,458135
GTO.AS,20150908,60.0,61.009997999999996,58.700001,59.470001,564845
GTO.AS,20150907,60.869999,60.98,59.240002000000004,59.389998999999996,499548
GTO.AS,20150904,61.759997999999996,61.919998,60.43,60.580002,730375
GTO.AS,20150903,63.450001,64.470001,61.34,62.279999,644723
GTO.AS,20150902,63.790001000000004,63.790001000000004,60.400002,61.599998,931445
GTO.AS,20150901,62.560001,64.25,62.049999,63.57,923003
GTO.AS,20150831,62.0,64.470001,61.470001,64.199997,880874
GTO.AS,20150828,65.83000200000001,66.339996,59.759997999999996,62.82,1625034
GTO.AS,20150827,71.730003,72.0,63.830002,64.790001,2132951
GTO.AS,20150826,71.279999,75.18,70.849998,73.849998,495441
GTO.AS,20150825,72.0,74.16999799999999,71.599998,73.620003,455897
GTO.AS,20150824,70.260002,71.57,67.0,71.129997,728379
GTO.AS,20150821,73.300003,73.980003,72.41999799999999,72.43,316112
GTO.AS,20150820,75.58000200000001,75.790001,74.07,74.290001,237853
GTO.AS,20150819,76.400002,76.900002,75.620003,75.690002,197446
GTO.AS,20150818,76.5,77.150002,76.239998,76.610001,285872
GTO.AS,20150817,77.57,77.690002,75.82,76.360001,168710
GTO.AS,20150814,77.050003,77.660004,76.589996,77.110001,129292
GTO.AS,20150813,76.949997,78.150002,76.849998,77.160004,255374
GTO.AS,20150812,77.769997,77.940002,75.550003,76.029999,226681
GTO.AS,20150811,78.839996,79.389999,78.08000200000001,78.25,213493
GTO.AS,20150810,78.5,78.800003,77.93,78.769997,137796
GTO.AS,20150807,78.41999799999999,78.43,77.720001,78.129997,177816
GTO.AS,20150806,78.58000200000001,79.18,78.32,78.589996,219437
GTO.AS,20150805,79.0,79.0,78.019997,78.5,203766
GTO.AS,20150804,78.25,78.82,77.75,78.529999,204665
GTO.AS,20150803,78.199997,78.760002,77.83000200000001,78.260002,203528
GTO.AS,20150731,79.25,79.25,77.959999,78.190002,273427
GTO.AS,20150730,78.089996,79.32,77.839996,79.010002,258143
GTO.AS,20150729,78.510002,78.870003,77.33000200000001,77.650002,284544
GTO.AS,20150728,77.93,78.41999799999999,77.199997,78.41999799999999,315666
GTO.AS,20150727,78.75,78.889999,77.290001,77.58000200000001,325567
GTO.AS,20150724,79.269997,79.809998,78.75,79.010002,315083
GTO.AS,20150723,79.110001,79.339996,78.66999799999999,79.300003,200429
GTO.AS,20150722,78.459999,78.809998,77.620003,78.589996,477327
GTO.AS,20150721,79.5,79.75,78.160004,78.900002,328634
GTO.AS,20150720,80.449997,80.449997,78.860001,79.349998,371217
GTO.AS,20150717,79.019997,80.230003,77.970001,79.809998,588826
GTO.AS,20150716,83.639999,84.0,77.5,78.949997,1341001
GTO.AS,20150715,82.309998,83.129997,82.120003,83.129997,200279
GTO.AS,20150714,82.099998,82.220001,81.260002,82.120003,176966
GTO.AS,20150713,81.379997,82.25,81.190002,82.239998,185050
GTO.AS,20150710,81.0,81.0,80.300003,80.730003,285181
GTO.AS,20150709,78.269997,79.970001,78.150002,79.260002,320921
GTO.AS,20150708,78.150002,78.5,77.5,78.269997,281002
GTO.AS,20150707,78.989998,79.300003,77.610001,77.860001,313274
GTO.AS,20150706,77.790001,79.08000200000001,77.139999,78.470001,417548
GTO.AS,20150703,80.099998,80.209999,78.510002,78.68,528065
GTO.AS,20150702,82.209999,82.83000200000001,79.879997,80.089996,377260
GTO.AS,20150701,80.489998,82.860001,80.489998,82.059998,403883
GTO.AS,20150630,81.720001,82.0,79.879997,79.879997,449383
GTO.AS,20150629,81.480003,83.440002,81.010002,82.010002,341566
GTO.AS,20150626,83.779999,85.349998,83.41999799999999,84.870003,343295
GTO.AS,20150625,83.279999,84.449997,82.91999799999999,83.970001,198208
GTO.AS,20150624,83.800003,84.25,83.050003,83.68,278649
GTO.AS,20150623,84.41999799999999,85.0,83.610001,83.800003,347153
GTO.AS,20150622,83.0,84.029999,82.540001,84.029999,452319
GTO.AS,20150619,81.900002,83.300003,81.41999799999999,82.190002,786403
GTO.AS,20150618,80.550003,81.870003,79.699997,81.66999799999999,513838
GTO.AS,20150617,79.900002,80.349998,79.58000200000001,80.050003,282589
GTO.AS,20150616,78.83000200000001,80.199997,78.82,79.690002,397773
GTO.AS,20150615,79.550003,79.91999799999999,79.0,79.410004,361710
GTO.AS,20150612,80.290001,80.82,79.709999,80.220001,350017
GTO.AS,20150611,78.959999,81.139999,78.910004,80.230003,365110
GTO.AS,20150610,77.730003,79.519997,77.559998,79.290001,319613
GTO.AS,20150609,79.25,79.589996,77.529999,78.099998,352324
GTO.AS,20150608,79.220001,79.970001,78.510002,79.33000200000001,290179
GTO.AS,20150605,79.769997,80.150002,78.68,79.190002,324655
GTO.AS,20150604,80.58000200000001,80.769997,79.529999,80.290001,259791
GTO.AS,20150603,80.400002,81.139999,80.129997,80.760002,268918
GTO.AS,20150602,80.400002,80.559998,79.309998,80.41999799999999,240862
GTO.AS,20150601,80.449997,80.529999,79.400002,80.019997,214317
GTO.AS,20150529,82.099998,82.349998,79.480003,79.639999,405251
GTO.AS,20150528,82.040001,82.58000200000001,81.629997,81.870003,241713
GTO.AS,20150527,81.68,82.160004,81.16999799999999,82.089996,168532
GTO.AS,20150526,81.910004,82.349998,80.989998,81.279999,227395
GTO.AS,20150525,82.360001,82.449997,81.82,82.050003,29015
GTO.AS,20150522,82.269997,82.470001,81.82,82.019997,164444
GTO.AS,20150521,81.940002,82.550003,81.739998,82.519997,205749
GTO.AS,20150520,82.050003,82.5,81.83000200000001,82.010002,221024
GTO.AS,20150519,81.760002,82.199997,81.33000200000001,82.050003,306023
GTO.AS,20150518,81.25,81.699997,80.07,81.699997,267001
GTO.AS,20150515,81.0,81.470001,80.360001,80.989998,254240
GTO.AS,20150514,79.980003,81.190002,79.699997,80.949997,175491
GTO.AS,20150513,80.599998,81.150002,79.699997,80.040001,265776
GTO.AS,20150512,80.370003,80.769997,79.58000200000001,80.220001,270194
GTO.AS,20150511,80.66999799999999,81.41999799999999,79.400002,80.93,358004
GTO.AS,20150508,80.0,81.099998,79.730003,81.040001,259148
GTO.AS,20150507,79.769997,80.019997,78.120003,79.709999,362871
GTO.AS,20150506,83.190002,83.699997,79.769997,80.089996,569979
GTO.AS,20150505,83.690002,84.360001,83.089996,83.190002,482317
GTO.AS,20150504,83.360001,83.839996,81.650002,83.75,358303
GTO.AS,20150430,84.0,84.0,80.220001,83.099998,596079
GTO.AS,20150429,82.160004,83.400002,80.480003,81.199997,441945
GTO.AS,20150428,83.5,83.5,81.83000200000001,82.57,262112
GTO.AS,20150427,82.730003,83.900002,81.660004,83.82,280612
GTO.AS,20150424,82.620003,83.57,82.510002,82.629997,264121
GTO.AS,20150423,82.839996,83.309998,81.900002,82.559998,322237
GTO.AS,20150422,81.980003,83.209999,81.379997,83.160004,424660
GTO.AS,20150421,81.0,82.099998,80.739998,81.58000200000001,311161
GTO.AS,20150420,80.559998,81.75,80.339996,80.690002,424806
GTO.AS,20150417,80.889999,82.900002,79.529999,80.400002,583750
GTO.AS,20150416,80.0,83.25,79.91999799999999,81.339996,737196
GTO.AS,20150415,79.120003,80.440002,79.120003,80.059998,387269
GTO.AS,20150414,78.629997,79.629997,78.230003,79.41999799999999,382315
GTO.AS,20150413,78.199997,78.989998,78.019997,78.620003,293383
GTO.AS,20150410,77.5,78.339996,77.220001,78.269997,304671
GTO.AS,20150409,76.620003,77.5,76.550003,77.400002,424419
GTO.AS,20150408,76.739998,76.989998,75.779999,76.510002,253857
GTO.AS,20150407,75.790001,77.309998,75.790001,77.0,359923
GTO.AS,20150402,75.540001,76.900002,74.870003,75.620003,331925
GTO.AS,20150401,73.610001,75.980003,73.199997,75.75,365115
GTO.AS,20150331,75.300003,75.639999,74.0,74.16999799999999,330935
GTO.AS,20150330,73.699997,75.699997,73.58000200000001,75.550003,373205
GTO.AS,20150327,74.099998,74.699997,72.839996,73.18,393565
GTO.AS,20150326,73.75,74.029999,72.690002,73.900002,332437
GTO.AS,20150325,75.790001,75.949997,74.099998,74.120003,391874
GTO.AS,20150324,76.650002,77.349998,75.970001,76.040001,520429
GTO.AS,20150323,76.459999,76.900002,74.91999799999999,75.940002,461503
GTO.AS,20150320,76.260002,76.760002,74.959999,76.519997,1942180
GTO.AS,20150319,75.5,76.370003,75.040001,76.370003,551989
GTO.AS,20150318,75.269997,75.650002,74.58000200000001,75.620003,505830
GTO.AS,20150317,74.589996,75.379997,73.940002,75.199997,652486
GTO.AS,20150316,74.120003,75.199997,73.91999799999999,74.309998,512889
GTO.AS,20150313,73.120003,75.690002,72.769997,73.940002,908577
GTO.AS,20150312,70.629997,73.480003,70.629997,72.849998,737303
GTO.AS,20150311,69.889999,70.870003,69.720001,70.610001,717427
GTO.AS,20150310,70.440002,71.190002,69.690002,69.779999,550286
GTO.AS,20150309,70.449997,71.190002,70.190002,71.08000200000001,687901
GTO.AS,20150306,69.0,71.029999,67.550003,70.800003,1063423
GTO.AS,20150305,74.0,74.440002,69.010002,70.339996,1616263
GTO.AS,20150304,72.440002,73.08000200000001,71.309998,72.199997,554742
GTO.AS,20150303,72.82,73.470001,72.349998,72.449997,416246
GTO.AS,20150302,72.739998,73.08000200000001,72.199997,72.489998,396796
GTO.AS,20150227,72.599998,72.800003,71.800003,72.540001,381250
GTO.AS,20150226,71.400002,72.5,71.260002,72.470001,330625
GTO.AS,20150225,69.489998,71.779999,69.410004,71.349998,592281
GTO.AS,20150224,69.400002,69.5,68.400002,69.410004,403945
GTO.AS,20150223,70.230003,70.389999,68.529999,69.529999,560528
GTO.AS,20150220,70.0,70.089996,65.43,69.93,2633338
GTO.AS,20150219,71.739998,72.769997,70.83000200000001,72.620003,402254
GTO.AS,20150218,70.949997,72.239998,70.91999799999999,71.699997,536103
GTO.AS,20150217,70.18,71.160004,69.709999,70.510002,366707
GTO.AS,20150216,71.050003,71.5,69.91999799999999,70.660004,394628
GTO.AS,20150213,69.230003,71.610001,68.699997,70.730003,814987
GTO.AS,20150212,67.050003,69.489998,67.050003,69.010002,627821
GTO.AS,20150211,65.5,67.099998,65.360001,67.050003,507337
GTO.AS,20150210,65.790001,66.07,65.050003,65.459999,406608
GTO.AS,20150209,65.290001,66.110001,64.519997,65.400002,305069
GTO.AS,20150206,65.459999,66.089996,65.32,65.400002,391115
GTO.AS,20150205,65.800003,66.209999,64.519997,65.559998,544802
GTO.AS,20150204,65.610001,66.400002,64.709999,66.160004,575787
GTO.AS,20150203,63.0,66.349998,62.970001,65.440002,791101
GTO.AS,20150202,64.41999799999999,64.860001,62.16,63.139998999999996,605784
GTO.AS,20150130,64.389999,64.910004,63.630001,64.41999799999999,518092
GTO.AS,20150129,63.130001,64.139999,62.630001,63.950001,394574
GTO.AS,20150128,62.790001000000004,64.480003,62.790001000000004,63.43,558512
GTO.AS,20150127,62.400002,64.949997,62.130001,62.630001,563785
GTO.AS,20150126,61.799999,62.580002,60.860001000000004,62.509997999999996,718609
GTO.AS,20150123,63.279999,63.400002,61.57,62.119999,755542
GTO.AS,20150122,63.599998,63.889998999999996,61.869999,63.110001000000004,914505
GTO.AS,20150121,65.0,65.050003,64.08000200000001,64.870003,418369
GTO.AS,20150120,65.309998,65.720001,64.32,64.900002,472581
GTO.AS,20150119,66.0,66.040001,65.019997,65.08000200000001,254014
GTO.AS,20150116,65.720001,66.190002,65.33000200000001,65.949997,320774
GTO.AS,20150115,65.440002,66.379997,64.800003,66.089996,480324
GTO.AS,20150114,65.5,66.160004,64.58000200000001,65.059998,468781
GTO.AS,20150113,67.0,68.41999799999999,65.239998,66.32,875982
GTO.AS,20150112,67.019997,68.410004,66.940002,68.239998,346173
GTO.AS,20150109,68.0,68.68,66.629997,67.040001,415354
GTO.AS,20150108,66.410004,68.739998,66.0,68.139999,546435
GTO.AS,20150107,66.650002,66.93,65.510002,65.760002,257692
GTO.AS,20150106,67.230003,67.349998,66.33000200000001,66.400002,356451
GTO.AS,20150105,68.0,68.529999,67.07,67.220001,286997
GTO.AS,20150102,67.870003,68.510002,67.410004,68.18,272125
GTO.AS,20141231,67.900002,68.32,67.519997,67.93,70482
GTO.AS,20141230,67.760002,68.860001,67.760002,68.089996,134173
GTO.AS,20141229,68.0,68.91999799999999,67.360001,68.110001,217151
GTO.AS,20141224,68.339996,68.91999799999999,67.800003,67.949997,43352
GTO.AS,20141223,67.08000200000001,68.58000200000001,66.779999,68.410004,332413
GTO.AS,20141222,66.760002,67.800003,66.540001,66.940002,226863
GTO.AS,20141219,66.5,66.900002,65.709999,66.370003,569087
GTO.AS,20141218,64.75,66.739998,64.239998,66.41999799999999,457822
GTO.AS,20141217,64.269997,64.269997,61.299999,63.529999,592479
GTO.AS,20141216,61.580002,64.91999799999999,61.130001,64.709999,773377
GTO.AS,20141215,62.619999,63.560001,61.400002,61.509997999999996,340627
GTO.AS,20141212,64.16999799999999,64.16999799999999,62.509997999999996,62.889998999999996,360005
GTO.AS,20141211,63.919998,65.08000200000001,63.810001,64.389999,447880
GTO.AS,20141210,65.5,65.730003,63.860001000000004,63.860001000000004,350113
GTO.AS,20141209,64.660004,65.870003,64.440002,65.120003,470333
GTO.AS,20141208,65.75,65.989998,64.900002,64.949997,381132
GTO.AS,20141205,66.040001,66.230003,64.610001,66.010002,591539
GTO.AS,20141204,66.639999,68.040001,65.300003,65.529999,515923
GTO.AS,20141203,68.730003,68.790001,66.059998,66.470001,606054
GTO.AS,20141202,68.32,69.66999799999999,68.300003,68.540001,394695
GTO.AS,20141201,68.199997,68.400002,67.980003,68.279999,381762
GTO.AS,20141128,67.790001,68.660004,67.599998,68.32,323268
GTO.AS,20141127,68.839996,69.160004,67.540001,67.58000200000001,271793
GTO.AS,20141126,67.25,68.970001,67.18,68.650002,495191
GTO.AS,20141125,65.959999,67.230003,65.589996,67.059998,536434
GTO.AS,20141124,65.800003,66.470001,64.989998,65.870003,453984
GTO.AS,20141121,66.129997,66.75,65.739998,65.790001,504996
GTO.AS,20141120,65.400002,66.349998,65.400002,66.139999,355726
GTO.AS,20141119,65.699997,66.199997,65.25,65.379997,295547
GTO.AS,20141118,65.129997,65.93,65.010002,65.699997,417182
GTO.AS,20141117,64.410004,66.0,64.400002,65.300003,464163
GTO.AS,20141114,62.0,65.199997,61.93,64.849998,817941
GTO.AS,20141113,61.549999,62.299999,61.5,61.709998999999996,274701
GTO.AS,20141112,62.049999,62.52,61.09,61.259997999999996,321830
GTO.AS,20141111,61.98,62.790001000000004,61.84,62.360001000000004,315069
GTO.AS,20141110,61.400002,61.93,61.25,61.68,277406
GTO.AS,20141107,62.23,62.560001,60.84,61.259997999999996,461862
GTO.AS,20141106,62.27,62.490002000000004,61.650002,62.16,590889
GTO.AS,20141105,60.57,62.599998,60.139998999999996,62.360001000000004,505497
GTO.AS,20141104,61.59,62.810001,60.290001000000004,60.5,887749
GTO.AS,20141103,61.220001,61.68,61.049999,61.290001000000004,530777
GTO.AS,20141031,61.900002,62.119999,60.82,61.009997999999996,619193
GTO.AS,20141030,58.900002,60.860001000000004,58.669998,60.689999,986643
GTO.AS,20141029,57.630001,59.080002,57.040001000000004,58.279999,850182
GTO.AS,20141028,57.889998999999996,58.849998,57.529999,57.560001,799309
GTO.AS,20141027,60.25,60.790001000000004,57.830002,58.740002000000004,962995
GTO.AS,20141024,61.0,62.200001,59.509997999999996,60.0,834532
GTO.AS,20141023,61.5,62.200001,57.200001,60.240002000000004,1638174
GTO.AS,20141022,61.369999,63.75,60.59,63.049999,915841
GTO.AS,20141021,59.0,61.52,57.099998,60.849998,1121553
GTO.AS,20141020,58.799999,59.66,53.119999,59.169998,2324138
GTO.AS,20141017,66.290001,66.32,58.52,59.139998999999996,2460675
GTO.AS,20141016,66.129997,66.900002,63.619999,66.43,871002
GTO.AS,20141015,66.589996,67.230003,64.839996,66.0,702643
GTO.AS,20141014,66.25,67.0,65.75,66.690002,264327
GTO.AS,20141013,66.540001,67.209999,65.91999799999999,66.550003,296217
GTO.AS,20141010,67.400002,67.41999799999999,66.050003,67.18,457212
GTO.AS,20141009,68.309998,69.339996,67.879997,67.879997,355022
GTO.AS,20141008,69.099998,69.25,66.25,67.800003,744339
GTO.AS,20141007,70.0,70.66999799999999,69.199997,69.449997,404824
GTO.AS,20141006,70.699997,70.699997,69.650002,70.139999,357124
GTO.AS,20141003,71.0,71.010002,70.199997,70.660004,309023
GTO.AS,20141002,71.5,71.589996,70.589996,70.66999799999999,407904
GTO.AS,20141001,72.650002,73.519997,71.720001,71.910004,467371
GTO.AS,20140930,72.800003,72.849998,72.449997,72.68,278581
GTO.AS,20140929,72.75,72.940002,72.300003,72.599998,325863
GTO.AS,20140926,73.5,73.5,72.339996,72.779999,333885
GTO.AS,20140925,73.019997,74.260002,72.650002,73.510002,839808
GTO.AS,20140924,71.519997,71.989998,70.849998,71.879997,388212
GTO.AS,20140923,71.099998,71.529999,70.279999,71.32,526382
GTO.AS,20140922,71.25,71.309998,70.529999,70.940002,401506
GTO.AS,20140919,72.099998,72.230003,71.08000200000001,71.25,509237
GTO.AS,20140918,71.83000200000001,72.599998,71.739998,71.989998,366123
GTO.AS,20140917,72.449997,72.459999,71.800003,71.91999799999999,390947
GTO.AS,20140916,73.110001,73.110001,71.559998,72.25,450397
GTO.AS,20140915,74.230003,74.33000200000001,72.889999,73.230003,551724
GTO.AS,20140912,73.57,74.41999799999999,73.209999,74.239998,393754
GTO.AS,20140911,73.800003,74.559998,73.300003,73.41999799999999,389123
GTO.AS,20140910,73.949997,76.150002,73.5,73.559998,1056730
GTO.AS,20140909,73.220001,73.5,72.699997,72.75,354055
GTO.AS,20140908,73.150002,73.720001,72.900002,73.160004,424259
GTO.AS,20140905,73.5,73.650002,72.809998,73.110001,390070
GTO.AS,20140904,73.93,74.08000200000001,73.400002,73.83000200000001,383183
GTO.AS,20140903,74.239998,74.290001,73.739998,73.980003,389573
GTO.AS,20140902,74.5,75.160004,74.0,74.050003,419210
GTO.AS,20140901,74.849998,75.440002,74.050003,74.349998,462949
GTO.AS,20140829,76.389999,76.5,74.010002,74.510002,656116
GTO.AS,20140828,73.760002,77.449997,72.709999,75.769997,1270604
GTO.AS,20140827,77.769997,78.519997,77.5,77.639999,387532
GTO.AS,20140826,77.57,78.639999,77.480003,77.730003,453216
GTO.AS,20140825,77.059998,77.599998,76.379997,77.400002,271019
GTO.AS,20140822,75.599998,76.57,75.099998,76.410004,354385
GTO.AS,20140821,74.870003,75.489998,74.33000200000001,75.290001,263500
GTO.AS,20140820,75.5,75.660004,74.690002,74.879997,288838
GTO.AS,20140819,75.209999,75.660004,74.82,75.349998,269217
GTO.AS,20140818,74.440002,75.050003,74.25,74.82,198209
GTO.AS,20140815,73.949997,74.599998,73.300003,73.449997,358605
GTO.AS,20140814,72.0,73.959999,71.540001,73.870003,340791
GTO.AS,20140813,73.089996,73.190002,72.209999,72.209999,278151
GTO.AS,20140812,73.190002,73.599998,72.400002,72.440002,266987
GTO.AS,20140811,73.0,73.650002,72.449997,73.190002,281736
GTO.AS,20140808,68.66999799999999,73.849998,68.66999799999999,72.5,987881
GTO.AS,20140807,70.379997,70.559998,69.199997,69.269997,387590
GTO.AS,20140806,70.800003,71.010002,69.739998,70.519997,337326
GTO.AS,20140805,70.459999,71.470001,70.099998,71.300003,257010
GTO.AS,20140804,72.309998,72.309998,70.32,70.400002,352058
GTO.AS,20140801,72.900002,73.120003,71.41999799999999,72.290001,343622
GTO.AS,20140731,73.150002,73.150002,71.809998,72.959999,451196
GTO.AS,20140730,73.110001,73.800003,72.639999,72.800003,233545
GTO.AS,20140729,71.57,73.849998,71.370003,73.010002,357684
GTO.AS,20140728,72.699997,72.839996,70.879997,71.510002,428129
GTO.AS,20140725,74.57,74.699997,72.57,72.650002,386016
GTO.AS,20140724,74.029999,74.800003,73.33000200000001,74.75,223243
GTO.AS,20140723,74.040001,74.43,73.879997,74.019997,203383
GTO.AS,20140722,73.800003,74.25,73.339996,74.150002,293303
GTO.AS,20140721,73.720001,73.800003,73.099998,73.410004,213015
GTO.AS,20140718,73.5,73.980003,73.32,73.720001,252965
GTO.AS,20140717,74.279999,74.33000200000001,73.519997,73.599998,245913
GTO.AS,20140716,73.769997,74.43,73.629997,74.120003,250391
GTO.AS,20140715,74.010002,74.980003,73.75,74.0,305052
GTO.AS,20140714,74.0,74.33000200000001,72.599998,74.33000200000001,297628
GTO.AS,20140711,74.989998,74.989998,73.110001,73.949997,463978
GTO.AS,20140710,77.099998,77.199997,74.529999,74.709999,445842
GTO.AS,20140709,75.75,77.449997,75.68,77.0,563851
GTO.AS,20140708,75.0,75.220001,74.309998,74.739998,424909
GTO.AS,20140707,77.0,77.120003,75.089996,75.139999,348945
GTO.AS,20140704,77.099998,77.5,76.839996,77.129997,210769
GTO.AS,20140703,76.279999,77.150002,76.099998,77.050003,384231
GTO.AS,20140702,76.949997,77.389999,76.230003,76.279999,304523
GTO.AS,20140701,76.099998,76.980003,75.839996,76.410004,399207
GTO.AS,20140630,75.449997,75.879997,75.32,75.699997,278960
GTO.AS,20140627,75.300003,75.489998,74.739998,75.050003,278608
GTO.AS,20140626,76.440002,76.5,74.83000200000001,75.150002,713798
GTO.AS,20140625,77.18,77.32,75.91999799999999,76.150002,369930
GTO.AS,20140624,77.370003,78.040001,77.089996,77.41999799999999,320842
GTO.AS,20140623,78.779999,78.849998,76.599998,77.089996,537378
GTO.AS,20140620,80.0,80.199997,78.290001,78.470001,865457
GTO.AS,20140619,81.849998,82.0,80.599998,80.790001,352094
GTO.AS,20140618,82.32,82.489998,81.360001,81.41999799999999,204536
GTO.AS,20140617,82.75,82.989998,81.690002,82.209999,214947
GTO.AS,20140616,82.540001,82.879997,82.199997,82.5,170574
GTO.AS,20140613,82.769997,82.849998,82.0,82.540001,236748
GTO.AS,20140612,82.0,82.720001,81.959999,82.599998,245937
GTO.AS,20140611,83.33000200000001,83.58000200000001,81.459999,82.739998,509824
GTO.AS,20140610,83.620003,85.260002,82.940002,83.58000200000001,645635
GTO.AS,20140609,82.260002,82.489998,81.519997,81.959999,224949
GTO.AS,20140606,82.599998,82.760002,81.379997,82.160004,348472
GTO.AS,20140605,80.900002,83.089996,80.32,81.910004,552747
GTO.AS,20140604,80.32,81.68,79.970001,80.900002,269866
GTO.AS,20140603,79.480003,80.370003,78.82,80.32,289148
GTO.AS,20140602,80.040001,80.120003,79.059998,79.459999,406020
GTO.AS,20140530,79.879997,80.300003,79.559998,79.650002,326984
GTO.AS,20140529,80.970001,81.029999,79.699997,80.120003,126211
GTO.AS,20140528,80.160004,81.110001,79.599998,80.699997,468561
GTO.AS,20140527,78.43,80.0,78.43,80.0,371820
GTO.AS,20140526,77.519997,78.82,77.400002,78.410004,194161
GTO.AS,20140523,77.41999799999999,77.68,77.010002,77.300003,210853
GTO.AS,20140522,78.0,78.040001,76.25,77.660004,400873
GTO.AS,20140521,79.279999,79.279999,77.339996,77.639999,381171
GTO.AS,20140520,78.0,80.059998,77.300003,79.199997,432832
GTO.AS,20140519,77.050003,78.529999,76.870003,77.779999,409240
GTO.AS,20140516,77.879997,77.879997,75.889999,76.720001,385790
GTO.AS,20140515,77.959999,78.760002,77.07,77.480003,279900
GTO.AS,20140514,78.5,79.199997,77.949997,78.0,215784
GTO.AS,20140513,79.889999,79.889999,78.230003,78.230003,354061
GTO.AS,20140512,77.599998,79.059998,77.5,78.900002,253396
GTO.AS,20140509,76.5,77.41999799999999,76.5,77.089996,307839
GTO.AS,20140508,77.220001,77.480003,76.029999,76.66999799999999,330507
GTO.AS,20140507,78.18,78.480003,76.230003,76.66999799999999,539748
GTO.AS,20140506,80.0,80.360001,78.010002,78.089996,520804
GTO.AS,20140505,80.0,80.099998,78.83000200000001,80.07,237165
GTO.AS,20140502,80.809998,81.150002,79.809998,79.91999799999999,222881
GTO.AS,20140430,80.029999,81.269997,79.790001,80.699997,425764
GTO.AS,20140429,79.980003,81.300003,79.91999799999999,80.589996,419114
GTO.AS,20140428,78.82,80.089996,78.75,79.43,302019
GTO.AS,20140425,81.400002,81.529999,78.309998,78.959999,927973
GTO.AS,20140424,82.489998,83.970001,81.5,82.300003,627497
GTO.AS,20140423,85.540001,85.860001,84.360001,84.449997,253908
GTO.AS,20140422,85.41999799999999,86.66999799999999,84.849998,85.230003,362396
GTO.AS,20140417,82.510002,84.900002,82.400002,84.589996,264386
GTO.AS,20140416,82.459999,83.099998,82.050003,82.489998,319190
GTO.AS,20140415,81.620003,82.779999,81.550003,81.860001,331998
GTO.AS,20140414,82.66999799999999,83.059998,80.809998,81.480003,506091
GTO.AS,20140411,84.199997,84.32,82.529999,83.309998,451488
GTO.AS,20140410,85.519997,86.07,84.550003,84.730003,318358
GTO.AS,20140409,86.08000200000001,86.410004,84.889999,85.110001,353293
GTO.AS,20140408,86.900002,87.41999799999999,85.41999799999999,85.83000200000001,479498
GTO.AS,20140407,85.57,86.900002,85.32,86.900002,299326
GTO.AS,20140404,86.199997,86.480003,85.760002,86.150002,334420
GTO.AS,20140403,85.879997,86.739998,85.690002,85.910004,293232
GTO.AS,20140402,86.610001,86.650002,85.510002,85.599998,233596
GTO.AS,20140401,85.0,87.059998,84.800003,86.410004,354783
GTO.AS,20140331,84.75,85.470001,83.910004,84.540001,357523
GTO.AS,20140328,84.949997,85.0,84.290001,84.400002,229527
GTO.AS,20140327,84.68,85.989998,83.720001,84.230003,480943
GTO.AS,20140326,84.18,85.650002,84.0,84.660004,467500
GTO.AS,20140325,83.139999,84.449997,83.099998,83.910004,374653
GTO.AS,20140324,83.540001,83.82,82.110001,82.769997,380801
GTO.AS,20140321,81.230003,83.849998,80.809998,82.730003,961430
GTO.AS,20140320,79.940002,82.040001,79.589996,80.91999799999999,446138
GTO.AS,20140319,81.410004,81.410004,79.849998,80.269997,316849
GTO.AS,20140318,81.699997,82.139999,81.07,81.129997,333012
GTO.AS,20140317,80.769997,82.389999,80.309998,81.449997,331418
GTO.AS,20140314,80.18,80.940002,79.699997,80.230003,421957
GTO.AS,20140313,80.150002,82.550003,79.589996,80.910004,670364
GTO.AS,20140312,79.5,80.33000200000001,78.639999,79.83000200000001,705176
GTO.AS,20140311,79.760002,82.099998,79.699997,79.91999799999999,889941
GTO.AS,20140310,82.0,82.57,78.720001,79.300003,675056
GTO.AS,20140307,84.860001,84.940002,81.959999,82.010002,809081
GTO.AS,20140306,83.5,84.900002,82.25,84.58000200000001,1296169
GTO.AS,20140305,79.059998,81.529999,77.5,81.239998,939156
GTO.AS,20140304,78.660004,80.120003,78.099998,79.150002,938798
GTO.AS,20140303,80.199997,80.370003,78.019997,78.089996,671578
GTO.AS,20140228,81.480003,81.5,80.660004,81.5,386315
GTO.AS,20140227,81.949997,82.139999,80.809998,81.300003,506302
GTO.AS,20140226,82.230003,82.629997,80.309998,81.029999,416212
GTO.AS,20140225,81.41999799999999,82.160004,80.699997,81.870003,347415
GTO.AS,20140224,80.849998,82.889999,80.849998,81.400002,502138
GTO.AS,20140221,79.32,81.300003,79.199997,81.059998,969729
GTO.AS,20140220,78.010002,79.68,75.199997,79.120003,2418007
GTO.AS,20140219,85.07,85.25,82.550003,82.769997,616190
GTO.AS,20140218,85.360001,85.400002,84.519997,84.879997,261016
GTO.AS,20140217,85.489998,85.540001,84.739998,85.0,183489
GTO.AS,20140214,85.91999799999999,86.010002,84.800003,85.309998,299461
GTO.AS,20140213,85.18,86.099998,85.0,85.900002,484975
GTO.AS,20140212,86.209999,86.32,85.029999,85.279999,336364
GTO.AS,20140211,85.43,86.300003,84.839996,86.239998,450553
GTO.AS,20140210,85.290001,85.949997,85.010002,85.08000200000001,323927
GTO.AS,20140207,87.010002,87.059998,85.019997,85.190002,440063
GTO.AS,20140206,84.5,87.660004,84.07,86.66999799999999,702070
GTO.AS,20140205,84.900002,85.5,83.889999,84.07,523788
GTO.AS,20140204,82.75,84.41999799999999,82.139999,83.889999,315284
GTO.AS,20140203,83.68,84.529999,82.82,83.029999,381759
GTO.AS,20140131,84.989998,85.290001,83.260002,83.720001,428709
GTO.AS,20140130,83.5,84.910004,83.099998,84.82,394733
GTO.AS,20140129,85.91999799999999,85.989998,82.900002,83.290001,572772
GTO.AS,20140128,85.900002,85.959999,84.760002,84.769997,503916
GTO.AS,20140127,86.41999799999999,86.790001,84.66999799999999,85.18,463023
GTO.AS,20140124,91.0,91.150002,86.150002,86.489998,846783
GTO.AS,20140123,88.690002,91.059998,88.629997,91.059998,809849
GTO.AS,20140122,85.910004,89.730003,85.800003,89.0,597440
GTO.AS,20140121,85.339996,85.839996,85.0,85.379997,369286
GTO.AS,20140120,85.809998,86.459999,85.139999,85.199997,269862
GTO.AS,20140117,86.41999799999999,87.400002,85.949997,86.050003,557212
GTO.AS,20140116,87.739998,87.889999,85.849998,86.41999799999999,664730
GTO.AS,20140115,84.900002,87.849998,84.019997,87.68,781485
GTO.AS,20140114,80.25,84.75,79.75,84.470001,977280
GTO.AS,20140113,82.660004,82.660004,80.0,80.199997,535280
GTO.AS,20140110,82.449997,83.199997,82.029999,82.239998,366683
GTO.AS,20140109,82.91999799999999,83.5,81.790001,81.93,352616
GTO.AS,20140108,81.809998,82.82,81.33000200000001,82.82,459592
GTO.AS,20140107,81.5,81.739998,80.860001,81.279999,332285
GTO.AS,20140106,81.190002,82.18,80.849998,81.199997,211743
GTO.AS,20140103,80.690002,81.610001,80.050003,81.190002,272795
GTO.AS,20140102,80.650002,80.93,79.599998,80.400002,451054
GTO.AS,20131231,80.91999799999999,81.199997,80.010002,80.010002,84038
GTO.AS,20131230,81.199997,81.75,80.709999,80.779999,232832
GTO.AS,20131227,81.610001,81.91999799999999,81.0,81.199997,264347
GTO.AS,20131224,81.290001,82.0,80.150002,81.0,135101
GTO.AS,20131223,80.550003,81.260002,80.059998,80.949997,214586
GTO.AS,20131220,79.260002,80.769997,78.660004,80.0,730366
GTO.AS,20131219,79.400002,79.690002,78.839996,79.120003,356734
GTO.AS,20131218,77.68,78.75,77.449997,78.389999,317691
GTO.AS,20131217,78.300003,78.83000200000001,77.489998,77.83000200000001,378271
GTO.AS,20131216,75.339996,78.940002,75.050003,78.5,541046
GTO.AS,20131213,75.459999,76.059998,75.269997,75.449997,295594
GTO.AS,20131212,76.559998,76.769997,75.010002,75.459999,668060
GTO.AS,20131211,76.110001,77.190002,75.949997,76.589996,411818
GTO.AS,20131210,76.099998,76.900002,75.809998,76.209999,447913
GTO.AS,20131209,78.0,78.089996,76.099998,76.16999799999999,526453
GTO.AS,20131206,78.449997,78.809998,77.739998,77.849998,356217
GTO.AS,20131205,79.089996,79.540001,78.449997,78.449997,377372
GTO.AS,20131204,80.25,80.449997,78.910004,79.220001,445320
GTO.AS,20131203,81.879997,82.190002,80.0,80.25,370107
GTO.AS,20131202,82.93,83.300003,81.949997,81.949997,243426
GTO.AS,20131129,83.300003,83.93,82.779999,83.120003,211482
GTO.AS,20131128,81.889999,83.75,81.889999,83.410004,304338
GTO.AS,20131127,82.339996,82.459999,81.599998,81.75,260067
GTO.AS,20131126,81.650002,82.5,81.559998,82.160004,358808
GTO.AS,20131125,80.739998,81.730003,80.440002,81.57,273012
GTO.AS,20131122,80.800003,81.029999,79.91999799999999,80.089996,338964
GTO.AS,20131121,81.199997,81.279999,79.889999,80.889999,355261
GTO.AS,20131120,82.379997,82.550003,81.190002,81.699997,295959
GTO.AS,20131119,82.629997,83.220001,82.0,82.220001,210626
GTO.AS,20131118,83.129997,83.5,82.279999,82.779999,206769
GTO.AS,20131115,83.209999,83.709999,83.010002,83.410004,238307
GTO.AS,20131114,83.209999,83.33000200000001,82.309998,82.980003,230288
GTO.AS,20131113,82.809998,83.709999,82.16999799999999,82.339996,330658
GTO.AS,20131112,82.300003,83.349998,82.18,82.860001,237692
GTO.AS,20131111,81.839996,82.779999,81.769997,82.18,167631
GTO.AS,20131108,81.0,81.980003,80.650002,81.779999,254555
GTO.AS,20131107,80.93,81.650002,80.220001,81.41999799999999,282817
GTO.AS,20131106,80.0,81.199997,79.900002,81.120003,356903
GTO.AS,20131105,80.849998,81.0,79.32,79.82,447082
GTO.AS,20131104,82.08000200000001,82.760002,80.800003,80.82,620120
GTO.AS,20131101,83.08000200000001,83.18,81.650002,81.989998,219382
GTO.AS,20131031,81.83000200000001,82.650002,81.739998,82.589996,322938
GTO.AS,20131030,81.0,82.370003,80.760002,81.949997,348444
GTO.AS,20131029,81.43,81.779999,80.550003,81.08000200000001,396433
GTO.AS,20131028,82.099998,82.440002,80.82,81.699997,488502
GTO.AS,20131025,81.989998,83.050003,81.93,82.959999,563025
GTO.AS,20131024,80.5,82.900002,80.0,81.82,1639938
GTO.AS,20131023,85.519997,86.300003,85.0,85.230003,461746
GTO.AS,20131022,87.0,87.059998,85.610001,85.66999799999999,413472
GTO.AS,20131021,85.760002,87.08000200000001,84.639999,87.059998,441856
GTO.AS,20131018,84.519997,85.300003,84.230003,85.120003,248263
GTO.AS,20131017,84.68,85.029999,83.980003,84.139999,257803
GTO.AS,20131016,84.599998,85.050003,83.529999,84.870003,283750
GTO.AS,20131015,83.059998,84.75,82.940002,84.58000200000001,298916
GTO.AS,20131014,82.510002,82.889999,82.07,82.879997,283273
GTO.AS,20131011,83.489998,83.5,82.199997,82.82,338212
GTO.AS,20131010,82.139999,83.290001,81.150002,83.110001,447708
GTO.AS,20131009,82.050003,82.300003,80.980003,81.510002,373388
GTO.AS,20131008,81.989998,82.980003,81.839996,82.139999,261690
GTO.AS,20131007,81.58000200000001,82.199997,80.32,81.870003,344316
GTO.AS,20131004,81.589996,81.860001,80.349998,81.620003,362928
GTO.AS,20131003,82.199997,82.480003,81.019997,81.529999,261592
GTO.AS,20131002,81.75,82.41999799999999,81.309998,82.08000200000001,372298
GTO.AS,20131001,79.629997,82.099998,79.510002,81.650002,481985
GTO.AS,20130930,79.730003,80.230003,78.989998,79.370003,358782
GTO.AS,20130927,80.199997,81.300003,79.949997,80.230003,295064
GTO.AS,20130926,81.57,81.58000200000001,79.870003,80.07,359766
GTO.AS,20130925,81.91999799999999,82.150002,81.209999,81.209999,315247
GTO.AS,20130924,83.010002,83.360001,81.699997,82.059998,332661
GTO.AS,20130923,82.989998,83.349998,81.970001,82.720001,450901
GTO.AS,20130920,82.300003,83.33000200000001,81.33000200000001,82.910004,584027
GTO.AS,20130919,85.699997,85.769997,82.389999,82.510002,494792
GTO.AS,20130918,85.300003,86.41999799999999,83.779999,84.66999799999999,425292
GTO.AS,20130917,83.800003,85.339996,83.239998,84.730003,644172
GTO.AS,20130916,81.699997,83.650002,80.68,83.33000200000001,824830
GTO.AS,20130913,78.940002,80.540001,78.709999,80.470001,716370
GTO.AS,20130912,79.449997,80.120003,78.449997,78.650002,632146
GTO.AS,20130911,81.129997,81.660004,77.629997,78.650002,1452506
GTO.AS,20130910,84.0,84.489998,83.510002,84.050003,406568
GTO.AS,20130909,84.339996,84.41999799999999,82.599998,83.309998,422224
GTO.AS,20130906,86.5,87.480003,83.459999,83.91999799999999,689513
GTO.AS,20130905,87.0,87.0,85.720001,86.260002,388079
GTO.AS,20130904,87.790001,88.089996,85.449997,86.83000200000001,592942
GTO.AS,20130903,87.870003,88.349998,87.370003,87.970001,475373
GTO.AS,20130902,88.0,88.440002,86.400002,87.370003,444272
GTO.AS,20130830,83.279999,87.230003,82.620003,87.07,799966
GTO.AS,20130829,87.400002,89.160004,79.559998,83.690002,1170218
GTO.AS,20130828,82.440002,83.800003,82.07,83.800003,386411
GTO.AS,20130827,84.660004,84.900002,82.160004,83.279999,387327
GTO.AS,20130826,85.83000200000001,85.83000200000001,84.379997,84.800003,213413
GTO.AS,20130823,85.610001,85.699997,84.970001,85.260002,175484
GTO.AS,20130822,85.58000200000001,86.099998,85.099998,85.32,299686
GTO.AS,20130821,85.339996,85.980003,84.739998,85.599998,177111
GTO.AS,20130820,86.660004,86.779999,84.58000200000001,85.269997,356731
GTO.AS,20130819,85.980003,87.57,85.400002,86.989998,393893
GTO.AS,20130816,85.25,85.959999,85.029999,85.959999,300245
GTO.AS,20130815,85.68,86.16999799999999,84.910004,85.730003,348192
GTO.AS,20130814,81.800003,86.889999,81.800003,86.120003,652617
GTO.AS,20130813,81.400002,82.230003,80.980003,81.839996,342709
GTO.AS,20130812,82.809998,83.16999799999999,80.150002,81.209999,286839
GTO.AS,20130809,80.790001,82.82,79.949997,82.150002,241430
GTO.AS,20130808,79.5,81.120003,79.360001,80.199997,265155
GTO.AS,20130807,81.0,81.410004,79.290001,79.470001,343133
GTO.AS,20130806,80.839996,81.559998,80.050003,81.519997,307125
GTO.AS,20130805,81.690002,81.889999,80.790001,81.300003,234494
GTO.AS,20130802,84.18,84.379997,81.410004,81.690002,438716
GTO.AS,20130801,78.900002,84.519997,78.699997,84.209999,1100023
GTO.AS,20130731,76.940002,78.699997,76.800003,78.599998,365755
GTO.AS,20130730,76.75,77.449997,76.410004,77.0,312215
GTO.AS,20130729,76.739998,77.220001,76.5,76.57,266786
GTO.AS,20130726,77.309998,77.900002,76.610001,76.849998,287649
GTO.AS,20130725,75.0,77.379997,75.0,77.379997,356765
GTO.AS,20130724,75.300003,76.0,74.870003,75.220001,347220
GTO.AS,20130723,75.120003,75.32,74.849998,75.08000200000001,235945
GTO.AS,20130722,75.959999,76.199997,74.980003,75.18,272229
GTO.AS,20130719,76.300003,76.440002,75.050003,76.0,441009
GTO.AS,20130718,76.459999,77.400002,75.849998,76.730003,321959
GTO.AS,20130717,77.099998,77.709999,74.5,76.809998,630882
GTO.AS,20130716,72.33000200000001,78.33000200000001,72.33000200000001,76.959999,1079361
GTO.AS,20130715,72.5,73.300003,71.379997,72.300003,265137
GTO.AS,20130712,71.949997,72.5,71.75,72.389999,213299
GTO.AS,20130711,71.5,72.040001,70.83000200000001,71.779999,375245
GTO.AS,20130710,71.089996,71.459999,69.099998,70.540001,424022
GTO.AS,20130709,72.800003,72.889999,71.059998,71.440002,381291
GTO.AS,20130708,70.900002,72.760002,70.900002,72.760002,324648
GTO.AS,20130705,72.099998,72.75,70.300003,70.410004,526416
GTO.AS,20130704,69.980003,72.16999799999999,69.889999,72.099998,368998
GTO.AS,20130703,68.889999,70.339996,68.410004,69.910004,464476
GTO.AS,20130702,69.540001,69.800003,68.709999,69.32,287010
GTO.AS,20130701,70.18,70.699997,68.529999,69.739998,510421
GTO.AS,20130628,70.0,70.190002,68.800003,69.559998,614751
GTO.AS,20130627,67.809998,71.279999,67.0,70.050003,813823
GTO.AS,20130626,64.68,67.879997,64.529999,67.459999,547569
GTO.AS,20130625,64.760002,64.760002,63.630001,64.370003,509250
GTO.AS,20130624,65.739998,66.150002,64.099998,64.129997,592612
GTO.AS,20130621,66.5,67.650002,65.66999799999999,65.66999799999999,1530589
GTO.AS,20130620,66.800003,67.900002,66.5,66.66999799999999,463004
GTO.AS,20130619,66.5,68.010002,66.5,67.860001,424858
GTO.AS,20130618,65.459999,66.400002,65.099998,66.400002,401212
GTO.AS,20130617,65.0,65.790001,64.83000200000001,65.550003,316573
GTO.AS,20130614,66.489998,66.489998,64.620003,64.709999,392685
GTO.AS,20130613,66.389999,66.389999,64.370003,65.82,417587
GTO.AS,20130612,67.349998,67.489998,66.33000200000001,66.779999,327672
GTO.AS,20130611,67.5,67.5,65.699997,66.860001,385482
GTO.AS,20130610,66.07,67.82,65.709999,67.5,338065
GTO.AS,20130607,64.839996,66.129997,63.68,66.07,451046
GTO.AS,20130606,66.0,66.349998,64.900002,65.0,281575
GTO.AS,20130605,67.0,67.160004,66.050003,66.139999,292141
GTO.AS,20130604,65.0,68.040001,64.879997,67.269997,548255
GTO.AS,20130603,64.349998,65.459999,63.279999,65.16999799999999,362530
GTO.AS,20130531,65.050003,65.139999,63.799999,64.599998,562940
GTO.AS,20130530,66.300003,66.550003,64.790001,64.879997,425621
GTO.AS,20130529,66.900002,66.940002,66.220001,66.489998,376418
GTO.AS,20130528,66.349998,67.349998,66.0,66.709999,434890
GTO.AS,20130527,65.25,66.489998,65.150002,65.879997,278783
GTO.AS,20130524,65.980003,66.5,64.050003,65.0,469908
GTO.AS,20130523,63.16,65.93,63.0,65.769997,610599
GTO.AS,20130522,62.799999,65.900002,62.599998,64.309998,723333
GTO.AS,20130521,62.419998,62.75,61.619999,62.689999,382053
GTO.AS,20130520,63.869999,63.900002,62.16,62.41,315991
GTO.AS,20130517,61.09,64.349998,60.990002000000004,63.290001000000004,841056
GTO.AS,20130516,59.599998,60.439999,59.240002000000004,60.400002,397087
GTO.AS,20130515,60.18,60.52,59.040001000000004,59.330002,514078
GTO.AS,20130514,59.049999,60.369999,58.700001,60.0,502830
GTO.AS,20130513,58.299999,59.049999,58.16,58.75,473060
GTO.AS,20130510,59.849998,59.849998,57.130001,58.200001,1104114
GTO.AS,20130509,60.619999,60.650002,60.049999,60.169998,283190
GTO.AS,20130508,61.77,61.77,60.290001000000004,60.369999,372183
GTO.AS,20130507,62.810001,62.810001,61.299999,61.400002,569970
GTO.AS,20130506,61.549999,63.560001,61.549999,62.459998999999996,465965
GTO.AS,20130503,61.290001000000004,62.099998,60.779999,61.43,727393
GTO.AS,20130502,62.119999,62.75,60.75,61.0,866006
GTO.AS,20130430,63.66,64.400002,61.580002,62.040001000000004,468668
